,Rank,Name,Total,Singles,Doubles,gender
0,1,"SABALENKA, ARYNA","7,369,635","7,362,685","6,950",female
1,2,"GAUFF, COCO","5,557,372","4,903,882","653,490",female
2,3,"SWIATEK, IGA","5,455,686","5,455,686",,female
3,4,"RYBAKINA, ELENA","4,695,437","4,631,334","64,103",female
4,5,"VONDROUSOVA, MARKETA","4,242,953","4,104,203","138,750",female
5,6,"PEGULA, JESSICA","4,176,912","3,471,367","653,490",female
6,7,"MUCHOVA, KAROLINA","2,804,438","2,796,338","8,100",female
7,8,"JABEUR, ONS","2,725,489","2,706,604","18,885",female
8,9,"KVITOVA, PETRA","2,436,381","2,436,381",,female
9,10,"KEYS, MADISON","2,356,458","2,339,898","16,560",female
10,11,"SAKKARI, MARIA","2,210,895","2,205,621","5,274",female
11,12,"HADDAD MAIA, BEATRIZ","1,991,822","1,659,666","332,156",female
12,13,"KREJCIKOVA, BARBORA","1,974,093","1,444,599","529,494",female
13,14,"OSTAPENKO, JELENA","1,821,538","1,602,108","197,006",female
14,15,"AZARENKA, VICTORIA","1,715,267","1,435,758","279,509",female
15,16,"MERTENS, ELISE","1,660,488","1,117,130","543,358",female
16,17,"LINETTE, MAGDA","1,633,753","1,438,007","195,746",female
17,18,"BENCIC, BELINDA","1,601,928","1,551,101","50,827",female
18,19,"GARCIA, CAROLINE","1,515,577","1,437,515","78,062",female
19,20,"CIRSTEA, SORANA","1,459,955","1,459,955",,female
20,21,"SVITOLINA, ELINA","1,457,493","1,457,493",,female
21,22,"ALEXANDROVA, EKATERINA","1,369,316","1,269,365","99,951",female
22,23,"KASATKINA, DARIA","1,366,367","1,333,062","33,305",female
23,24,"KUDERMETOVA, VERONIKA","1,348,131","1,155,918","192,213",female
24,25,"SAMSONOVA, LIUDMILA","1,322,086","1,138,793","175,543",female
25,26,"WANG, XINYU","1,239,289","823,102","416,187",female
26,27,"VEKIC, DONNA","1,238,901","1,179,564","59,337",female
27,28,"BOUZKOVA, MARIE","1,201,799","1,000,852","200,947",female
28,29,"ZHENG, QINWEN","1,151,037","1,151,037",,female
29,30,"TREVISAN, MARTINA","1,135,189","1,070,456","64,733",female
30,31,"PLISKOVA, KAROLINA","1,061,629","1,013,744","47,885",female
31,32,"POTAPOVA, ANASTASIA","1,060,767","987,033","73,734",female
32,33,"PERA, BERNARDA","1,056,196","891,525","156,921",female
33,34,"SINIAKOVA, KATERINA","1,037,431","487,186","550,245",female
34,35,"KALININA, ANHELINA","1,034,479","945,293","89,186",female
35,36,"TOWNSEND, TAYLOR","1,030,330","544,683","429,223",female
36,37,"FERNANDEZ, LEYLAH","1,026,988","684,958","334,280",female
37,38,"KOSTYUK, MARTA","1,011,969","746,753","231,216",female
38,39,"HUNTER, STORM","983,088","397,601","566,933",female
39,40,"MARTIC, PETRA","973,136","951,876","21,260",female
40,41,"TSURENKO, LESIA","879,197","879,197",,female
41,42,"HSIEH, SU-WEI","874,834","52,370","805,364",female
42,43,"COLLINS, DANIELLE","856,429","751,601","104,828",female
43,44,"ZHU, LIN","842,487","765,051","77,436",female
44,45,"BEGU, IRINA-CAMELIA","835,407","753,906","81,501",female
45,46,"KENIN, SOFIA","814,819","766,167","48,652",female
46,47,"BRONZETTI, LUCIA","803,628","769,515","34,113",female
47,48,"GRACHEVA, VARVARA","800,934","764,755","36,179",female
48,49,"SIEGEMUND, LAURA","791,053","454,009","333,044",female
49,50,"PAVLYUCHENKOVA, ANASTASIA","769,463","689,118","80,345",female
50,51,"ANDREESCU, BIANCA","758,434","688,424","9,010",female
51,52,"STEPHENS, SLOANE","748,591","724,801","23,790",female
52,53,"SHERIF, MAYAR","724,391","652,014","72,377",female
53,54,"DOLEHIDE, CAROLINE","723,848","525,806","198,042",female
54,55,"STEARNS, PEYTON","721,466","650,670","70,796",female
55,56,"SCHMIEDLOVA, ANNA KAROLINA","716,919","708,213","8,706",female
56,57,"PARKS, ALYCIA","714,255","498,012","209,143",female
57,58,"BLINKOVA, ANNA","708,188","660,253","47,935",female
58,59,"SORRIBES TORMO, SARA","705,028","550,029","154,999",female
59,60,"STRYCOVA, BARBORA","690,011","230,921","443,490",female
60,61,"COCCIARETTO, ELISABETTA","680,627","643,695","36,932",female
61,62,"PUTINTSEVA, YULIA","675,375","617,857","57,518",female
62,63,"FRUHVIRTOVA, LINDA","671,941","610,925","61,016",female
63,64,"PAOLINI, JASMINE","668,675","597,249","71,426",female
64,65,"ZHANG, SHUAI","660,219","457,267","188,398",female
65,66,"SASNOVICH, ALIAKSANDRA","655,551","582,922","72,629",female
66,67,"BUCSA, CRISTINA","655,139","576,691","78,448",female
67,68,"ANDREEVA, MIRRA","652,857","637,283","15,574",female
68,69,"GIORGI, CAMILA","650,880","650,880",,female
69,70,"BADOSA, PAULA","634,235","588,795","45,440",female
70,71,"WANG, XIYU","622,022","584,854","37,168",female
71,72,"NOSKOVA, LINDA","610,308","566,492","43,816",female
72,73,"TEICHMANN, JIL","598,302","549,801","48,501",female
73,74,"BOGDAN, ANA","589,613","549,302","40,311",female
74,75,"DAVIS, LAUREN","586,605","557,726","28,879",female
75,76,"DABROWSKI, GABRIELA","586,596",,"542,867",female
76,77,"MARIA, TATJANA","583,094","526,056","57,038",female
77,78,"CORNET, ALIZÉ","582,260","533,004","44,256",female
78,79,"PODOROSKA, NADIA","577,083","537,910","39,173",female
79,80,"LIU, CLAIRE","576,084","555,152","20,932",female
80,81,"BONDAR, ANNA","548,610","421,788","126,822",female
81,82,"OSORIO, CAMILA","545,955","518,693","27,262",female
82,83,"FRECH, MAGDALENA","538,702","534,752","3,950",female
83,84,"BOULTER, KATIE","532,920","514,170","11,000",female
84,85,"MASAROVA, REBEKA","529,716","486,812","42,904",female
85,86,"RAKHIMOVA, KAMILLA","526,299","469,454","56,845",female
86,87,"AVANESYAN, ELINA","519,399","488,080","31,319",female
87,88,"TOMOVA, VIKTORIYA","518,373","501,167","17,206",female
88,89,"ROUTLIFFE, ERIN","518,259","8,737","505,522",female
89,90,"PARRY, DIANE","508,245","449,705","53,539",female
90,91,"BUREL, CLARA","503,221","477,851","20,370",female
91,92,"NAVARRO, EMMA","498,089","463,806","34,283",female
92,93,"MINNEN, GREET","494,838","386,947","107,891",female
93,94,"VOLYNETS, KATIE","492,955","492,258",697,female
94,95,"PARRIZAS DIAZ, NURIA","490,592","482,092","8,500",female
95,96,"GALFI, DALMA","484,699","457,858","26,841",female
96,97,"KALINSKAYA, ANNA","483,501","386,918","96,583",female
97,98,"MARINO, REBECCA","480,557","455,476","25,081",female
98,99,"ZVONAREVA, VERA","477,555","148,811","323,744",female
99,100,"JUVAN, KAJA","475,615","475,180",435,female
100,101,"KANEPI, KAIA","474,440","461,066","13,374",female
101,102,"BRENGLE, MADISON","472,550","459,030","13,520",female
102,103,"ROGERS, SHELBY","462,097","435,590","26,507",female
103,104,"NIEMEIER, JULE","459,771","446,471","13,300",female
104,105,"STEFANI, LUISA","453,830","2,585","320,884",female
105,106,"BAINDL, KATERYNA","446,345","432,416","13,929",female
106,107,"RUSE, ELENA-GABRIELA","428,227","217,174","211,053",female
107,108,"PETERSON, REBECCA","427,602","418,896","8,706",female
108,109,"SHIBAHARA, ENA","424,102","23,295","362,253",female
109,110,"ZANEVSKA, MARYNA","417,515","395,309","22,206",female
110,111,"KORPATSCH, TAMARA","416,555","402,867","13,688",female
111,112,"GRABHER, JULIA","416,487","407,156","9,331",female
112,113,"BIRRELL, KIMBERLY","402,060","386,604","6,727",female
113,114,"RUS, ARANTXA","401,685","355,250","46,435",female
114,115,"YASTREMSKA, DAYANA","396,277","390,653","5,624",female
115,116,"DART, HARRIET","385,489","357,677","27,812",female
116,117,"AOYAMA, SHUKO","383,692",,"383,692",female
117,118,"BURRAGE, JODIE","382,309","362,412","15,897",female
118,119,"PEREZ, ELLEN","381,770","44,275","304,395",female
119,120,"FRIEDSAM, ANNA-LENA","380,929","347,231","33,698",female
120,121,"KATO, MIYU","379,807","4,560","249,247",female
121,122,"GADECKI, OLIVIA","379,183","317,417","28,987",female
122,123,"MARTINCOVA, TEREZA","374,638","351,572","23,066",female
123,124,"MCNALLY, CATY","368,954","291,329","77,625",female
124,125,"UDVARDY, PANNA","368,592","333,464","35,128",female
125,126,"KOVINIC, DANKA","367,296","351,047","16,249",female
126,127,"GOLUBIC, VIKTORIJA","360,420","328,550","31,870",female
127,128,"KICHENOK, LYUDMYLA","355,309",,"212,755",female
128,129,"TAUSON, CLARA","353,423","353,423",,female
129,130,"KRAWCZYK, DESIRAE","348,739",,"306,960",female
130,131,"CRISTIAN, JAQUELINE","348,267","318,114","30,153",female
131,132,"DAY, KAYLA","347,280","346,900",380,female
132,133,"MELICHAR-MARTINEZ, NICOLE","344,933","6,860","324,519",female
133,134,"KONTAVEIT, ANETT","344,932","340,932",,female
134,135,"KRUEGER, ASHLYN","338,658","302,340","29,218",female
135,136,"ERRANI, SARA","337,058","313,617","23,441",female
136,137,"WICKMAYER, YANINA","336,731","293,003","43,727",female
137,138,"BRADY, JENNIFER","334,462","234,937","99,525",female
138,139,"HRUNCAKOVA, VIKTORIA","332,168","295,753","36,415",female
139,140,"SHNAIDER, DIANA","329,692","326,613","3,079",female
140,141,"HIBINO, NAO","327,951","312,777","15,174",female
141,142,"BONAVENTURE, YSALINE","323,740","298,811","24,929",female
142,143,"MANDLIK, ELIZABETH","319,248","307,323","11,925",female
143,144,"SCHUURS, DEMI","317,338","12,848","279,161",female
144,145,"WOZNIACKI, CAROLINE","314,778","314,778",,female
145,146,"ZIDANSEK, TAMARA","311,596","289,089","22,507",female
146,147,"DANILOVIC, OLGA","309,392","304,790","4,602",female
147,148,"SUTJIADI, ALDILA","307,251",,"237,151",female
148,149,"WALTERT, SIMONA","301,051","297,309","3,742",female
149,150,"JEANJEAN, LEOLIA","298,619","281,506","12,113",female
150,151,"STEFANINI, LUCREZIA","295,802","294,802","1,000",female
151,152,"FRUHVIRTOVA, BRENDA","293,404","276,504","16,900",female
152,153,"CHAN, HAO-CHING","291,326","2,075","263,197",female
153,154,"SHYMANOVICH, IRYNA","283,211","190,582","92,628",female
154,155,"MONTGOMERY, ROBIN","280,238","233,860","39,278",female
155,156,"DANILINA, ANNA","279,218","9,797","158,367",female
156,157,"ANDREEVA, ERIKA","278,186","262,067","16,119",female
157,158,"PIGOSSI, LAURA","278,093","272,008","6,085",female
158,159,"BOLSOVA , ALIONA","277,759","227,590","50,169",female
159,160,"RISKE-AMRITRAJ, ALISON","277,604","250,461","27,143",female
160,161,"LYS, EVA","276,245","276,245",,female
161,162,"MLADENOVIC, KRISTINA","273,944","201,674","63,541",female
162,163,"STEVANOVIC, NATALIJA","260,041","251,980","8,061",female
163,164,"SAVILLE, DARIA","255,889","218,208","37,681",female
164,165,"VICKERY, SACHIA","255,301","254,172","1,129",female
165,166,"UCHIJIMA, MOYUKA","254,932","230,603","24,329",female
166,167,"WATSON, HEATHER","252,432","186,516","58,166",female
167,168,"BJORKLUND, MIRJAM","249,543","249,163",380,female
168,169,"YUAN, YUE","246,395","241,092","5,303",female
169,170,"CHAN, LATISHA","245,872",,"219,818",female
170,171,"BOUZAS MANEIRO, JESSICA","242,495","240,713","1,782",female
171,172,"DODIN, OCEANE","240,846","240,846",,female
172,173,"PAPAMICHAIL, DESPINA","238,081","219,394","18,686",female
173,174,"RADUCANU, EMMA","237,627","237,627",,female
174,175,"OLMOS, GIULIANA","236,974","2,860","204,285",female
175,176,"BASSOLS RIBERA, MARINA","232,130","229,350","2,780",female
176,177,"YANG, ZHAOXUAN","231,393",,"219,089",female
177,178,"SWAN, KATIE","229,244","228,364",880,female
178,179,"MUHAMMAD, ASIA","229,012","68,693","142,819",female
179,180,"MIYAZAKI, YURIKO LILY","227,666","224,004","3,662",female
180,181,"FOURLIS, JAIMEE","223,418","204,143","14,721",female
181,182,"ARANGO, EMILIANA","216,589","213,925","2,664",female
182,183,"VANDEWEGHE, COCO","215,466","192,316","23,150",female
183,184,"TIG, PATRICIA MARIA","212,609","212,572",37,female
184,185,"BEJLEK, SARA","212,509","211,533",975,female
185,186,"XU, YIFAN","208,974",,"133,374",female
186,187,"FERRO, FIONA","206,143","193,843","12,300",female
187,188,"SEBOV, KATHERINE","200,323","200,171",152,female
188,189,"BABOS, TIMEA","197,413","85,115","112,298",female
189,190,"JACQUEMOT, ELSA","197,281","183,608","13,673",female
190,191,"PONCHET, JESSIKA","194,500","179,105","15,395",female
191,192,"HARTONO, ARIANNE","193,504","184,526","8,978",female
192,193,"WILLIAMS, VENUS","192,294","192,294",,female
193,194,"WANG, YAFAN","189,377","187,193","2,184",female
194,195,"ZHAO, CAROL","184,105","177,672","6,433",female
195,196,"IN-ALBON, YLENA","181,021","179,406","1,614",female
196,197,"VAN UYTVANCK, ALISON","180,656","157,138","23,518",female
197,198,"NAEF, CELINE","180,103","177,699","2,403",female
198,199,"NICULESCU, MONICA","177,498","7,650","169,848",female
199,200,"JANICIJEVIC, SELENA","176,882","176,730",152,female
200,201,"ANISIMOVA, AMANDA","175,628","175,628",,female
201,202,"MATTEK-SANDS, BETHANIE","171,928","4,675","141,424",female
202,203,"KUCOVA, KRISTINA","168,939","168,533",406,female
203,204,"HAN, NA LAE","168,456","158,631","9,824",female
204,205,"HON, PRISCILLA","166,626","144,798","21,828",female
205,206,"LI, ANN","165,974","165,822",152,female
206,207,"BAI, ZHUOXUAN","165,796","165,796",,female
207,208,"BETOVA, MARGARITA","163,387","163,285",101,female
208,209,"HONTAMA, MAI","163,203","149,576","13,627",female
209,210,"EIKERI, ULRIKKE","159,914","28,840","131,074",female
210,211,"KALASHNIKOVA, OKSANA","159,846","9,590","150,256",female
211,212,"CARLE, MARIA LOURDES","157,723","154,394","3,328",female
212,213,"SEMENISTAJA, DARJA","156,785","149,358","7,427",female
213,214,"RODINA, EVGENIYA","154,502","154,502",,female
214,215,"JANG, SU JEONG","153,583","141,389","12,194",female
215,216,"PAQUET, CHLOE","151,798","137,418","9,380",female
216,217,"KRAUS, SINJA","151,454","147,994","3,459",female
217,218,"GRAMMATIKOPOULOU, VALENTINI","150,431","135,514","14,916",female
218,219,"BAPTISTE, HAILEY","149,936","144,346","5,590",female
219,220,"JANI, REKA LUCA","148,063","146,063","2,000",female
220,221,"MIHALIKOVA, TEREZA","146,343","2,075","144,268",female
221,222,"BOUCHARD, EUGENIE","144,734","136,834","7,900",female
222,223,"KUDERMETOVA, POLINA","141,474","138,636","2,838",female
223,224,"GUARACHI, ALEXA","140,857","4,000","136,857",female
224,225,"MONNET, CAROLE","140,820","127,373","13,447",female
225,226,"NINOMIYA, MAKOTO","139,406","1,626","129,051",female
226,227,"CHANG, SOPHIE","137,302","59,880","77,422",female
227,228,"TOMLJANOVIC, AJLA","135,848","135,848",,female
228,229,"JIMENEZ KASINTSEVA, VICTORIA","135,838","135,560",278,female
229,230,"ABDURAIMOVA, NIGINA","133,934","126,729","7,205",female
230,231,"KARTAL, SONAY","133,333","133,333",,female
231,232,"RODIONOVA, ARINA","132,186","120,239","11,946",female
232,233,"SCOTT, KATRINA","132,033","130,935","1,098",female
233,234,"NGOUNOUE, CLERVIE","131,990","101,683","30,307",female
234,235,"RAINA, ANKITA","128,019","120,164","7,854",female
235,236,"MARCINKO, PETRA","127,490","126,512",978,female
236,237,"NOHA AKUGUE, NOMA","127,402","120,061","7,341",female
237,238,"KOLODZIEJOVA, MIRIAM","127,066","1,270","125,796",female
238,239,"ZIMMERMANN, KIMBERLEY","126,883",,"122,329",female
239,240,"SERBAN, RALUKA","126,497","123,486","3,011",female
240,241,"TIMOFEEVA, MARIA","125,049","122,533","2,515",female
241,242,"ZAVATSKA, KATARINA","122,969","121,685","1,284",female
242,243,"SNIGUR, DARIA","121,806","121,806",,female
243,244,"PANOVA, ALEXANDRA","119,814",,"119,814",female
244,245,"PALICOVA, BARBORA","118,995","115,693","3,302",female
245,246,"BEKTAS, EMINA","117,599","112,031","5,568",female
246,247,"KICHENOK, NADIIA","115,890",,"115,890",female
247,248,"SAKATSUME, HIMENO","114,163","112,748","1,415",female
248,249,"BARA, IRINA","114,090","105,155","8,934",female
249,250,"SIZIKOVA, YANA","113,681",,"109,681",female
250,251,"PROZOROVA, TATIANA","111,886","110,706","1,180",female
251,252,"RIERA, JULIA","110,722","103,934","6,788",female
252,253,"ROBBE, ALICE","109,341","98,230","11,110",female
253,254,"SHARMA, ASTRA","108,837","91,915","16,922",female
254,255,"SRAMKOVA, REBECCA","108,193","107,689",504,female
255,256,"CHIRICO, LOUISA","107,091","106,863",228,female
256,257,"GIBSON, TALIA","106,036","88,737","17,299",female
257,258,"BARTHEL, MONA","105,920","103,745","2,175",female
258,259,"CONTRERAS, FERNANDA","105,000","93,347","11,653",female
259,260,"ZACARIAS, MARCELA","103,491","97,110","6,381",female
260,261,"SELEKHMETEVA, OKSANA","102,315","99,579","2,736",female
261,262,"BAINS, NAIKTHA","101,767","44,812","56,955",female
262,263,"HOZUMI, ERI","101,473","4,326","97,147",female
263,264,"BRANCACCIO, NURIA","101,465","95,807","5,658",female
264,265,"KEMPEN, MAGALI","101,337","95,238","6,098",female
265,266,"FLIPKENS, KIRSTEN","101,242",,"92,688",female
266,267,"ROMERO GORMAZ, LEYRE","100,694","96,198","4,495",female
267,268,"KALIEVA, ELVINA","100,551","98,522","2,028",female
268,269,"CRAWLEY, FIONA","100,464","88,576","11,888",female
269,270,"KONJUH, ANA","100,073","100,073",,female
270,271,"ROSOLSKA, ALICJA","95,789",,"91,235",female
271,272,"MAROZAVA, LIDZIYA","94,889","2,860","92,029",female
272,273,"KHROMACHEVA, IRINA","93,443","35,128","58,315",female
273,274,"ZAKHAROVA, ANASTASIA","92,185","89,054","3,131",female
274,275,"OZ, IPEK","91,486","90,774",712,female
275,276,"MUGURUZA, GARBIÑE","91,238","91,238",,female
276,277,"JAKUPOVIC, DALILA","90,500","73,173","17,327",female
277,278,"JONES, MAKENNA","89,606","46,630","42,976",female
278,279,"NEEL, INGRID","89,127",600,"88,527",female
279,280,"NICHOLLS, OLIVIA","88,576",,"56,576",female
280,281,"EALA, ALEXANDRA","85,992","83,915","2,077",female
281,282,"MARTINS, INGRID","85,189","2,336","82,853",female
282,283,"MAKAROVA, EKATERINA","84,590","81,562","3,028",female
283,284,"SONMEZ, ZEYNEP","84,299","84,147",152,female
284,285,"TIKHONOVA, ANASTASIA","83,503","70,102","13,401",female
285,286,"ASTAKHOVA, DARYA","83,171","80,614","2,557",female
286,287,"BENOIT, MARIE","82,786","80,750","2,036",female
287,288,"SANTAMARIA, SABRINA","79,777",,"79,777",female
288,289,"VON DEICHMANN, KATHINKA","79,578","79,009",569,female
289,290,"TAN, HARMONY","78,527","78,527",,female
290,291,"SAVINYKH, VALERIA","78,159","77,729",430,female
291,292,"WU, FANG-HSIEN","77,628",,"77,628",female
292,293,"VICENS MAS, ROSA","77,329","76,293","1,036",female
293,294,"ALVES, CAROLINA","76,515","73,307","3,208",female
294,295,"BURILLO ESCORIHUELA, IRENE","75,902","73,910","1,992",female
295,296,"HAVLICKOVA, LUCIE","75,187","72,583","2,603",female
296,297,"BULGARU, MIRIAM","74,902","74,800",101,female
297,298,"ZARAZUA, RENATA","73,922","61,106","12,816",female
298,299,"INGLIS, MADDISON","70,331","51,286","1,621",female
299,300,"HESSE, AMANDINE","69,519","64,716","4,803",female
300,301,"STARODUBTSEVA, YULIIA","69,006","62,288","6,718",female
301,302,"ORMAECHEA, PAULA","68,122","67,368",754,female
302,303,"GAMIZ, ANDREA","67,312","14,336","52,976",female
303,304,"PATTINAMA KERKHOVE, LESLEY","67,158","64,616","2,542",female
304,305,"KULIKOV, ANGELA","64,076",,"64,076",female
305,306,"CADANTU-IGNATIK, ALEXANDRA","64,072","62,768","1,304",female
306,307,"KESSLER, MCCARTNEY","63,481","59,682","3,799",female
307,308,"LUMSDEN, MAIA","63,442","5,712","57,729",female
308,309,"ALARIO, MIRELLA","61,728",,,female
309,310,"KAWA, KATARZYNA","61,625","48,343","13,282",female
310,311,"BARNETT, ALICIA","61,576",,"57,576",female
311,312,"CABRERA, LIZETTE","61,107","32,433","11,250",female
312,313,"DMITRUK, KRISTINA","60,208","57,677","2,531",female
313,314,"HOVDE, LIV","59,371","59,143",228,female
314,315,"CHWALINSKA, MAJA","59,316","54,289","5,027",female
315,316,"KAJI, HARUKA","58,605","58,605",,female
316,317,"DETIUC, ANASTASIA","56,759",,"56,759",female
317,318,"MELNIKOVA, MARINA","56,500","56,500",,female
318,319,"BANDECCHI, SUSAN","56,337","55,413",924,female
319,320,"BROGAN, ANNA","56,280","56,280",,female
320,321,"PITER, KATARZYNA","55,482",,"55,482",female
321,322,"ROSATELLO, CAMILLA","55,453","32,704","22,749",female
322,323,"APPLETON, EMILY","54,791","29,772","25,018",female
323,324,"HATOUKA, YULIYA","53,894","51,371","2,523",female
324,325,"HERCOG, POLONA","53,420","53,420",,female
325,326,"CHONG, EUDICE","51,363","42,368","8,995",female
326,327,"DZALAMIDZE, NATELA","51,161",,"51,161",female
327,328,"KARATANTCHEVA, SESIL","50,962","50,265",697,female
328,329,"SHINIKOVA, ISABELLA","50,847","47,251","3,595",female
329,330,"CEPELOVA, JANA","50,780","50,780",,female
330,331,"LOEB, JAMIE","50,647","26,736","23,910",female
331,332,"LAMENS, SUZAN","50,569","45,600","4,968",female
332,333,"MARTINEZ CIREZ, CARLOTA","50,213","49,755",458,female
333,334,"WURTH, TARA","48,729","46,687","2,042",female
334,335,"ROUVROY, MARGAUX","48,640","46,017","2,623",female
335,336,"AIAVA, DESTANEE","47,725","41,530","6,195",female
336,337,"ZUGER, JOANNE","46,662","46,662",,female
337,338,"SILVA, EDEN","46,586","36,052","10,533",female
338,339,"HULE, PETRA","46,068","30,617","15,451",female
339,340,"VEDDER, EVA","45,623","36,629","8,994",female
340,341,"BOZOVIC, ALEXANDRA","45,320","27,864","17,456",female
341,342,"SISKOVA, ANNA","44,762","18,940","25,821",female
342,343,"HOBGARSKI, KATHARINA","44,722","43,084","1,638",female
343,344,"THANDI, KARMAN","44,630","43,794",836,female
344,345,"MENDEZ, SEONE","44,189","42,186","2,003",female
345,346,"SCHOOFS, BIBIANE","43,584","21,750","21,834",female
346,347,"TJANDRAMULIA, OLIVIA","43,528","10,401","33,127",female
347,348,"ERJAVEC, VERONIKA","42,874","33,832","9,042",female
348,349,"GORGODZE, EKATERINE","42,549","33,765","8,783",female
349,350,"KORNEEVA, ALINA","42,432","37,659","4,773",female
350,351,"STRAKHOVA, VALERIYA","41,726","23,936","17,789",female
351,352,"GLEASON, QUINN","41,234","10,978","30,256",female
352,353,"HIVES, ZOE","40,881","40,881",,female
353,354,"HOSOGI, SAKURA","40,671","39,458","1,213",female
354,355,"DOI, MISAKI","39,222","39,222",,female
355,356,"LECHEMIA, ELIXANE","38,532",142,"28,390",female
356,357,"SAKELLARIDI, SAPFO","38,450","26,265","12,185",female
357,358,"OSUIGWE, WHITNEY","38,365","33,936","4,429",female
358,359,"GOVORTSOVA, OLGA","38,244","38,244",,female
359,360,"JONES, FRANCESCA","38,213","38,213",,female
360,361,"NAITO, YUKI","37,891","33,512","4,379",female
361,362,"TOPALOVA, GERGANA","37,737","35,417","2,319",female
362,363,"RUZIC, ANTONIA","37,675","36,535","1,140",female
363,364,"FUNG, STACEY","37,566","35,733","1,833",female
364,365,"LANSERE, SOFYA","36,794","20,832","15,961",female
365,366,"MORATELLI, ANGELICA","36,702","13,874","22,828",female
366,367,"TUBELLO, ALICE","36,052","25,365","10,687",female
367,368,"ANSHBA, AMINA","35,113","12,728","22,385",female
368,369,"LEE, GABRIELA","34,753","34,139",614,female
369,370,"GLOZMAN, VALERIE","34,500","34,500",,female
370,371,"MCPHEE, KAYLAH","34,475","29,919","4,556",female
371,372,"RADOVANOVIC, NINA","34,309","33,659",650,female
372,373,"LUKAS, TENA","34,181","32,953","1,227",female
373,374,"GARLAND, JOANNA","34,045","33,817",228,female
374,375,"MATEAS, MARIA","33,878","28,206","5,672",female
375,376,"KULAMBAYEVA, ZHIBEK","33,854","23,356","10,498",female
376,377,"LISICKI, SABINE","33,851","30,251","3,600",female
377,378,"KNUTSON, GABRIELA","33,846","31,133","2,712",female
378,379,"FETT, JANA","33,699","33,076",623,female
379,380,"ANDERSON, ROBIN","33,691","29,528","4,163",female
380,381,"SEIDEL, ELLA","33,669","30,930","2,739",female
381,382,"FALKOWSKA, WERONIKA","33,632","18,502","15,130",female
382,383,"CENGIZ, BERFU","33,505","29,723","3,781",female
383,384,"KOLODYNSKA, JANA","33,049","32,377",672,female
384,385,"ALBIE, AUDREY","33,031","32,433",598,female
385,386,"CHRISTIE, FREYA","32,629","7,384","25,245",female
386,387,"YOU, XIAODI","31,389","28,809","2,580",female
387,388,"MA, YE-XIN","31,138","24,649","6,488",female
388,389,"LENE, EMMA","30,886","29,131","1,754",female
389,390,"BOLTON, ELYSIA","30,837","24,014","6,823",female
390,391,"GASANOVA, ANASTASIA","30,834","27,651","3,183",female
391,392,"JORGE, FRANCISCA","30,629","20,061","10,568",female
392,393,"YANG, YA YI","30,478","27,751","2,726",female
393,394,"MIROSHNICHENKO, VERONIKA","30,337","22,192","8,145",female
394,395,"BECK, CHLOE","30,182","29,105","1,077",female
395,396,"BOISSON, LOIS","30,100","29,659",441,female
396,397,"SUN, LULU","29,931","27,615","2,316",female
397,398,"STOIANA, MARY","29,761","29,283",478,female
398,399,"GJORCHESKA, LINA","29,642","25,386","4,255",female
399,400,"TODONI, ANCA","29,521","26,224","3,297",female
400,401,"MIN, GRACE","29,471","29,127",344,female
401,402,"ANEY, JESSIE","29,299","17,245","12,053",female
402,403,"LIANG, EN-SHUO","29,060","22,151","6,908",female
403,404,"STOLLAR, FANNY","28,939","18,102","10,837",female
404,405,"SPITERI, DALILA","28,923","24,959","3,964",female
405,406,"KRUNIC, ALEKSANDRA","28,614","19,427","9,187",female
406,407,"PERRIN, CONNY","28,451","15,646","12,804",female
407,408,"HERAZO GONZALEZ, MARIA","28,245","18,120","10,125",female
408,409,"MIKULSKYTE, JUSTINA","28,161","21,435","6,726",female
409,410,"VOLODKO, KATERYNA","27,931","24,858","3,073",female
410,411,"CASCINO, ESTELLE","27,757","3,485","19,272",female
411,412,"MITU, ANDREEA","27,596","20,418","7,177",female
412,413,"HEISEN, VIVIAN","27,236",,"27,236",female
413,414,"REYNGOLD, EKATERINA","27,063","25,410","1,653",female
414,415,"STAKUSIC, MARINA","26,919","20,994","5,925",female
415,416,"CAPURRO TABORDA, MARTINA","26,876","25,338","1,538",female
416,417,"TARARUDEE, LANLANA","26,856","25,190","1,666",female
417,418,"SÁNCHEZ, ANA SOFIA","26,807","24,743","2,064",female
418,419,"LEPCHENKO, VARVARA","26,748","26,748",,female
419,420,"NAHIMANA, SADA","26,475","22,937","3,538",female
420,421,"HUI, KATHERINE","26,292","24,806","1,486",female
421,422,"SALKOVA, DOMINIKA","26,215","17,269","8,945",female
422,423,"MALECKOVA, JESIKA","25,707","15,378","10,329",female
423,424,"LIZARAZO, YULIANA","25,623","6,966","18,657",female
424,425,"YASHINA, EKATERINA","25,404","12,654","12,749",female
425,426,"DARTRON, EMELINE","25,369","23,573","1,795",female
426,427,"PEREZ GARCIA, MARIA PAULINA","25,264","3,844","21,420",female
427,428,"FITA BOLUDA, ANGELA","25,106","22,010","3,096",female
428,429,"HAN, XINYUN","24,940","1,270","19,116",female
429,430,"RADIVOJEVIC, LOLA","24,884","23,054","1,829",female
430,431,"PARNABY, ALANA","24,744","10,358","5,656",female
431,432,"COLLINS, ALI","24,443",,"24,443",female
432,433,"DIATCHENKO, VITALIA","24,370","24,091",278,female
433,434,"ANDRIANJAFITRIMO, TESSAH","24,365","14,779","9,586",female
434,435,"PIGATO, LISA","24,363","21,770","2,593",female
435,436,"GUO, HANYU","24,294","12,757","11,537",female
436,437,"MIRZA, SANIA","24,112",,"24,112",female
437,438,"PLIPUECH, PEANGTARN","23,783","15,751","8,032",female
438,439,"KAWAGUCHI, NATSUMI","23,762","19,668","4,094",female
439,440,"AMARIEI, ILINCA","23,663","19,828","3,835",female
440,441,"PARK, SOHYUN","23,461","20,197","3,264",female
441,442,"HELG?, MALENE","23,344","22,039","1,305",female
442,443,"PAPADAKIS, LENA","23,163","19,634","3,528",female
443,444,"KINGSLEY, RAVEENA","23,090","22,806",284,female
444,445,"CHRISTIAN, KAITLYN","22,822",,"22,822",female
445,446,"PEDONE, GIORGIA","22,817","19,162","3,655",female
446,447,"PRISACARIU, ANDREEA","22,804","19,083","3,721",female
447,448,"LACY, ISABELLE","22,685","22,291",394,female
448,449,"RADANOVIC, DEJANA","22,581","21,771",810,female
449,450,"SIERRA, SOLANA","22,389","21,569",820,female
450,451,"STRUPLOVA, JULIE","22,334","19,780","2,554",female
451,452,"HU, VICTORIA","22,325","19,557","2,768",female
452,453,"GAO, XINYU","22,208","20,474","1,734",female
453,454,"VAN DER HOEK, ROSALIE","22,186",152,"22,033",female
454,455,"DINU, CRISTINA","21,926","17,219","4,706",female
455,456,"LAHEY, ASHLEY","21,896","15,019","6,877",female
456,457,"VISMANE, DANIELA","21,861","14,767","7,094",female
457,458,"CORTEZ LLORCA, LUCIA","21,846","17,806","4,039",female
458,459,"SEWING, SOFIA","21,836","9,543","12,292",female
459,460,"COLMEGNA, MARTINA","21,794","18,815","2,979",female
460,461,"LODIKOVA, DARIA","21,794","18,746","3,048",female
461,462,"BUYUKAKCAY, CAGLA","21,548","19,640","1,907",female
462,463,"DUERST, JENNY","21,498","14,306","7,192",female
463,464,"COSTOULAS, SOFIA","21,222","16,634","4,587",female
464,465,"WEI, SIJIA","21,208","18,114","3,093",female
465,466,"GARCIA PEREZ, GEORGINA","20,775","14,275","6,499",female
466,467,"IATCENKO, POLINA","20,542","17,887","2,654",female
467,468,"ITO, AOI","20,490","16,173","4,317",female
468,469,"BHOSALE, RUTUJA","20,109","14,470","5,639",female
469,470,"MARCINKEVICA, DIANA","19,944","13,434","6,510",female
470,471,"HAAS, BARBARA","19,926","19,825",101,female
471,472,"HEWITT, DALAYNA","19,347","11,919","7,428",female
472,473,"KUZMOVA, KATARINA","19,163","15,755","3,407",female
473,474,"BOSKOVIC, LEA","19,152","18,114","1,038",female
474,475,"SOBOLEVA, ANASTASIYA","19,098","17,858","1,240",female
475,476,"CIRIC BAGARIC, LUCIJA","19,097","18,077","1,020",female
476,477,"JORGE, MATILDE","19,087","7,962","11,125",female
477,478,"OKAMURA, KYOKA","19,002","15,512","3,489",female
478,479,"DI LORENZO, FRANCESCA","18,939","12,671","6,268",female
479,480,"ROGERS, ANNA","18,819","5,951","12,868",female
480,481,"GABUEVA, ANGELINA","18,736","2,804","15,932",female
481,482,"SMITH, ALANA","18,724","15,269","3,455",female
482,483,"RYSER, VALENTINA","18,719","17,468","1,251",female
483,484,"STOSUR, SAMANTHA","18,636",,"14,082",female
484,485,"RADISIC, NIKA","18,594","10,026","8,567",female
485,486,"MALYGINA, ELENA","18,512","15,181","3,331",female
486,487,"KUMKHUM, LUKSIKA","18,467","8,991","9,476",female
487,488,"BOJICA, STEFANIA","18,304","16,262","2,042",female
488,489,"AMBROSIO, SILVIA","18,287","17,371",916,female
489,490,"KOZAROV, KATARINA","18,272","16,285","1,987",female
490,491,"KURAMOCHI, MIHO","18,152","16,600","1,552",female
491,492,"CHERUBINI, DILETTA","18,091","15,646","2,445",female
492,493,"OSTLUND, FANNY","17,982","11,329","6,653",female
493,494,"NAVARRO OLIVA, MARIA FERNANDA","17,938","12,554","5,383",female
494,495,"MBOKO, VICTORIA","17,930","16,459","1,471",female
495,496,"GUTH, MARA","17,915","16,320","1,595",female
496,497,"FOMINA-KLOTZ, ALENA","17,830","1,394","16,435",female
497,498,"BAYERLOVA, MICHAELA","17,780","11,330","6,450",female
498,499,"SAWANGKAEW, MANANCHAYA","17,776","16,980",795,female
499,500,"GAVRILA, OANA","17,701","7,935","9,765",female
500,1,"Djokovic, Novak","10,590,175","10,581,665","8,510",male
501,2,"Alcaraz, Carlos","9,506,924","9,506,924",0,male
502,3,"Medvedev, Daniil","7,777,474","7,777,474",0,male
503,4,"Sinner, Jannik","5,092,373","5,041,360","51,013",male
504,5,"Rublev, Andrey","4,052,486","3,714,248","338,238",male
505,6,"Tsitsipas, Stefanos","4,051,088","3,948,858","102,230",male
506,7,"Zverev, Alexander","3,614,697","3,517,696","97,001",male
507,8,"Fritz, Taylor","3,306,078","3,219,440","86,638",male
508,9,"Rune, Holger","3,126,784","3,104,273","22,511",male
509,10,"Ruud, Casper","2,945,335","2,919,253","26,082",male
510,11,"de Minaur, Alex","2,645,421","2,580,717","64,704",male
511,12,"Tiafoe, Frances","2,515,811","2,448,285","67,526",male
512,13,"Khachanov, Karen","2,420,612","2,133,602","287,010",male
513,14,"Paul, Tommy","2,363,425","2,303,982","59,443",male
514,15,"Hurkacz, Hubert","2,077,551","1,988,312","89,239",male
515,16,"Norrie, Cameron","2,031,569","2,006,517","25,052",male
516,17,"Shelton, Ben","1,928,095","1,747,224","180,871",male
517,18,"Musetti, Lorenzo","1,877,889","1,832,510","45,379",male
518,19,"Dimitrov, Grigor","1,836,801","1,798,253","38,548",male
519,20,"Davidovich Fokina, Alejandro","1,774,947","1,735,894","39,053",male
520,21,"Cerundolo, Francisco","1,746,986","1,687,443","59,543",male
521,22,"Lehecka, Jiri","1,581,297","1,502,900","78,397",male
522,23,"Mannarino, Adrian","1,529,642","1,462,770","66,872",male
523,24,"Evans, Daniel","1,526,188","1,436,171","90,017",male
524,25,"Jarry, Nicolas","1,489,250","1,454,924","34,326",male
525,26,"Griekspoor, Tallon","1,427,188","1,302,494","124,694",male
526,27,"Bublik, Alexander","1,425,108","1,351,990","73,118",male
527,28,"Coric, Borna","1,423,273","1,418,121","5,152",male
528,29,"Etcheverry, Tomas Martin","1,380,354","1,285,814","94,540",male
529,30,"Eubanks, Christopher","1,349,298","1,278,850","70,448",male
530,31,"McDonald, Mackenzie","1,318,078","1,142,959","175,119",male
531,32,"Struff, Jan-Lennard","1,247,642","1,209,892","37,750",male
532,33,"Djere, Laslo","1,213,643","1,186,516","27,127",male
533,34,"Baez, Sebastian","1,204,693","1,120,085","84,608",male
534,35,"Sonego, Lorenzo","1,189,502","1,149,768","39,734",male
535,36,"Nishioka, Yoshihito","1,172,857","1,134,776","38,081",male
536,37,"Korda, Sebastian","1,163,885","1,150,645","13,240",male
537,38,"Auger-Aliassime, Felix","1,146,234","1,077,063","69,171",male
538,39,"Wawrinka, Stan","1,143,656","1,101,407","42,249",male
539,40,"van de Zandschulp, Botic","1,126,802","927,197","199,605",male
540,41,"Kubler, Jason","1,095,448","745,575","349,873",male
541,42,"Krajicek, Austin","1,088,688",0,"1,088,688",male
542,43,"Karatsev, Aslan","1,060,302","1,027,666","32,636",male
543,44,"Safiullin, Roman","1,036,486","1,012,746","23,740",male
544,45,"Berrettini, Matteo","1,028,055","1,023,735","4,320",male
545,46,"Humbert, Ugo","1,022,354","1,011,194","11,160",male
546,47,"Popyrin, Alexei","1,001,921","956,279","45,642",male
547,48,"Ruusuvuori, Emil","986,547","947,177","39,370",male
548,49,"Kecmanovic, Miomir","970,110","903,864","66,246",male
549,50,"Zhang, Zhizhen","969,246","944,357","24,889",male
550,51,"Skupski, Neal","968,941",0,"968,941",male
551,52,"Wolf, J.J.","965,965","931,498","34,467",male
552,53,"Dodig, Ivan","960,252",0,"960,252",male
553,54,"Koolhof, Wesley","958,181",0,"958,181",male
554,55,"Fucsovics, Marton","941,956","919,061","22,895",male
555,56,"Zapata Miralles, Bernabe","930,523","864,020","66,503",male
556,57,"Hijikata, Rinky","928,092","606,263","321,829",male
557,58,"Murray, Andy","920,656","912,311","8,345",male
558,59,"Bautista Agut, Roberto","919,451","910,781","8,670",male
559,60,"Shapovalov, Denis","907,877","845,646","62,231",male
560,61,"Giron, Marcos","898,591","825,167","73,424",male
561,62,"Purcell, Max","895,616","730,733","164,883",male
562,63,"Carballes Baena, Roberto","888,688","816,233","72,455",male
563,64,"Schwartzman, Diego","876,624","842,266","34,358",male
564,65,"Hanfmann, Yannick","872,488","860,478","12,010",male
565,66,"Altmaier, Daniel","868,305","845,196","23,109",male
566,67,"Rinderknech, Arthur","863,308","777,309","85,999",male
567,68,"Arnaldi, Matteo","862,627","843,787","18,840",male
568,69,"Thompson, Jordan","860,818","766,534","94,284",male
569,70,"Ebden, Matthew","839,666",0,"839,666",male
570,71,"Barrere, Gregoire","824,495","784,684","39,811",male
571,72,"Lajovic, Dusan","824,094","810,363","13,731",male
572,73,"Bopanna, Rohan","821,599",0,"821,599",male
573,74,"O'Connell, Christopher","818,155","792,414","25,741",male
574,75,"Cachin, Pedro","816,432","751,276","65,156",male
575,76,"Cressy, Maxime","814,205","647,570","166,635",male
576,77,"Varillas, Juan Pablo","807,019","762,474","44,545",male
577,78,"Gasquet, Richard","773,320","764,205","9,115",male
578,79,"Galan, Daniel Elahi","766,503","741,876","24,627",male
579,80,"Halys, Quentin","741,732","694,105","47,627",male
580,81,"Kokkinakis, Thanasi","726,039","687,924","38,115",male
581,82,"Bonzi, Benjamin","725,253","682,561","42,692",male
582,83,"Huesler, Marc-Andrea","719,300","660,547","58,753",male
583,84,"Fils, Arthur","717,318","679,518","37,800",male
584,85,"Ofner, Sebastian","715,524","696,016","19,508",male
585,86,"Molcan, Alex","713,435","687,674","25,761",male
586,87,"Ramos-Vinolas, Albert","711,654","680,998","30,656",male
587,88,"Daniel, Taro","694,808","694,023",785,male
588,89,"Munar, Jaume","689,777","647,002","42,775",male
589,90,"Thiem, Dominic","685,502","664,256","21,246",male
590,91,"Wu, Yibing","676,107","661,630","14,477",male
591,92,"Harris, Lloyd","672,941","571,699","101,242",male
592,93,"Ivashka, Ilya","668,650","636,573","32,077",male
593,94,"Roger-Vasselin, Edouard","656,996",0,"656,996",male
594,95,"Gonzalez, Santiago","656,741",0,"656,741",male
595,96,"Draper, Jack","655,984","655,984",0,male
596,97,"Mmoh, Michael","654,641","654,641",0,male
597,98,"Lestienne, Constant","653,762","608,656","45,106",male
598,99,"Isner, John","650,344","558,040","92,304",male
599,100,"Vukic, Aleksandar","647,642","614,048","33,594",male
600,101,"Gojo, Borna","647,311","646,501",810,male
601,102,"Salisbury, Joe","644,874",0,"644,874",male
602,103,"Ram, Rajeev","643,969",0,"643,969",male
603,104,"Pella, Guido","635,382","593,718","41,664",male
604,105,"Nakashima, Brandon","624,606","612,525","12,081",male
605,106,"Moutet, Corentin","619,171","610,444","8,727",male
606,107,"Van Assche, Luca","611,722","573,137","38,585",male
607,108T,"Gonzalez, Maximo","605,527",0,"605,527",male
608,108T,"Molteni, Andres","605,527",0,"605,527",male
609,110,"Borges, Nuno","598,062","580,428","17,634",male
610,111,"Muller, Alexandre","580,947","565,498","15,449",male
611,112,"Zeballos, Horacio","576,834",0,"576,834",male
612,113,"Stricker, Dominic","573,426","555,853","17,573",male
613,114,"Monfils, Gael","572,892","572,892",0,male
614,115,"Shevchenko, Alexander","569,490","566,296","3,194",male
615,116,"Granollers, Marcel","568,228",0,"568,228",male
616,117,"Nys, Hugo","561,503","6,756","554,747",male
617,118,"Zielinski, Jan","548,763",0,"548,763",male
618,119,"Garin, Cristian","544,520","541,840","2,680",male
619,120,"Fognini, Fabio","538,124","432,934","105,190",male
620,121,"Ymer, Mikael","536,540","536,540",0,male
621,122,"Monteiro, Thiago","533,538","503,818","29,720",male
622,123,"Dellien, Hugo","528,708","484,367","44,341",male
623,124,"Goffin, David","509,792","506,286","3,506",male
624,125,"Otte, Oscar","499,767","472,882","26,885",male
625,126,"Coria, Federico","496,957","483,960","12,997",male
626,127,"Krawietz, Kevin","483,781",0,"483,781",male
627,128,"Arevalo, Marcelo","482,737",0,"482,737",male
628,129,"Watanuki, Yosuke","476,813","476,813",0,male
629,130,"Rojer, Jean-Julien","474,942",0,"474,942",male
630,131,"Cecchinato, Marco","467,752","452,676","15,076",male
631,132,"Albot, Radu","445,295","440,026","5,269",male
632,133,"Lammons, Nathaniel","442,470",0,"442,470",male
633,134,"Vavassori, Andrea","438,621","266,099","172,522",male
634,135,"Martinez, Pedro","438,000","396,372","41,628",male
635,136T,"Murray, Jamie","436,232",0,"436,232",male
636,136T,"Venus, Michael","436,232",0,"436,232",male
637,138,"Broady, Liam","433,776","402,499","31,277",male
638,139,"Martin, Fabrice","431,369",0,"431,369",male
639,140,"Withrow, Jackson","427,570",0,"427,570",male
640,141,"Kotov, Pavel","424,712","420,586","4,126",male
641,142,"Puetz, Tim","421,083",0,"421,083",male
642,143,"Marozsan, Fabian","417,066","415,595","1,471",male
643,144,"Gaston, Hugo","406,620","404,748","1,872",male
644,145,"Vesely, Jiri","397,526","397,042",484,male
645,146,"Shang, Juncheng","388,039","378,500","9,539",male
646,147T,"Gille, Sander","387,780",0,"387,780",male
647,147T,"Vliegen, Joran","387,780",0,"387,780",male
648,149,"Cerundolo, Juan Manuel","379,756","377,519","2,237",male
649,150,"Meligeni Alves, Felipe","379,231","374,081","5,150",male
650,151,"Marterer, Maximilian","370,776","368,519","2,257",male
651,152,"Glasspool, Lloyd","363,295",0,"363,295",male
652,153,"Seyboth Wild, Thiago","358,180","343,761","14,419",male
653,154,"Koepfer, Dominik","355,175","343,125","12,050",male
654,155,"Machac, Tomas","354,769","353,384","1,385",male
655,156,"Kovacevic, Aleksandar","345,445","328,363","17,082",male
656,157,"Mahut, Nicolas","344,087",0,"344,087",male
657,158,"Haase, Robin","335,888","18,313","317,575",male
658,159,"Couacaud, Enzo","328,815","316,791","12,024",male
659,160,"Kudla, Denis","327,127","293,103","34,024",male
660,161,"Heliovaara, Harri","326,469",0,"326,469",male
661,162,"Brouwer, Gijs","323,035","316,547","6,488",male
662,163,"Chardy, Jeremy","322,211","221,967","100,244",male
663,164,"Medjedovic, Hamad","321,838","320,489","1,349",male
664,165,"Skatov, Timofey","314,533","312,481","2,052",male
665,166,"Mies, Andreas","313,404",0,"313,404",male
666,167,"Zeppieri, Giulio","312,457","301,228","11,229",male
667,168,"Nava, Emilio","310,908","310,481",427,male
668,169,"Nadal, Rafael","310,797","310,797",0,male
669,170,"Barrios Vera, Tomas","310,121","305,860","4,261",male
670,171,"Peers, John","308,252",0,"308,252",male
671,172,"Rodionov, Jurij","306,710","303,781","2,929",male
672,173,"Pavic, Mate","306,138",0,"306,138",male
673,174,"Melo, Marcelo","303,050",0,"303,050",male
674,175,"Paire, Benoit","302,049","296,764","5,285",male
675,176,"Tabilo, Alejandro","300,222","296,707","3,515",male
676,177,"Kwon, Soonwoo","296,693","296,211",482,male
677,178,"Tirante, Thiago Agustin","295,907","287,862","8,045",male
678,179,"Diaz Acosta, Facundo","293,577","292,792",785,male
679,180,"Krajinovic, Filip","292,926","292,926",0,male
680,181,"Mektic, Nikola","291,658",0,"291,658",male
681,182,"Raonic, Milos","290,922","290,922",0,male
682,183,"Bergs, Zizou","286,423","274,499","11,924",male
683,184,"Ymer, Elias","285,478","285,050",428,male
684,185,"Middelkoop, Matwe","283,139",0,"283,139",male
685,186,"Bagnis, Facundo","275,294","259,272","16,022",male
686,187,"Miedler, Lucas","275,024","4,388","270,636",male
687,188,"Virtanen, Otto","271,851","269,992","1,859",male
688,189,"Choinski, Jan","267,117","264,500","2,617",male
689,190,"Svrcina, Dalibor","266,479","258,743","7,736",male
690,191,"Cazaux, Arthur","266,265","262,594","3,671",male
691,192,"Olivieri, Genaro Alberto","264,311","262,784","1,527",male
692,193,"Erler, Alexander","262,686","1,060","261,626",male
693,194,"Hsu, Yu Hsiou","260,679","251,302","9,377",male
694,195,"Grenier, Hugo","257,910","255,967","1,943",male
695,196,"Michelsen, Alex","256,792","253,672","3,120",male
696,197,"Holt, Brandon","252,571","250,004","2,567",male
697,198,"Lokoli, Laurent","249,861","248,586","1,275",male
698,199,"Cobolli, Flavio","249,138","243,317","5,821",male
699,200,"Bolelli, Simone","240,107",0,"240,107",male
700,201,"Duckworth, James","239,449","238,664",785,male
701,202,"Moreno De Alboran, Nicolas","237,441","221,944","15,497",male
702,203,"Nardi, Luca","236,281","231,597","4,684",male
703,204,"Mensik, Jakub","235,386","232,198","3,188",male
704,205,"Coppejans, Kimmer","234,822","232,301","2,521",male
705,206,"Polmans, Marc","234,120","207,219","26,901",male
706,207,"Passaro, Francesco","231,719","222,780","8,939",male
707,208,"Bellucci, Mattia","224,515","221,829","2,686",male
708,209,"Shimabukuro, Sho","224,333","222,583","1,750",male
709,210,"Mayot, Harold","217,330","197,571","19,759",male
710,211,"Peniston, Ryan","216,754","211,432","5,322",male
711,212,"Herbert, Pierre-Hugues","215,445","92,640","122,805",male
712,213,"Sousa, Joao","215,031","198,849","16,182",male
713,214,"Gomez, Emilio","214,136","211,129","3,007",male
714,215,"Diallo, Gabriel","211,758","199,291","12,467",male
715,216,"Johnson, Steve","208,756","197,756","11,000",male
716,217,"Piros, Zsombor","204,539","204,270",269,male
717,218,"Matos, Rafael","204,024",0,"204,024",male
718,219,"Kuzmanov, Dimitar","200,604","198,681","1,923",male
719,220,"Reboul, Fabien","198,881",0,"198,881",male
720,221,"Misolic, Filip","198,047","196,357","1,690",male
721,222,"Doumbia, Sadio","193,292",0,"193,292",male
722,223,"Brooksby, Jenson","192,502","192,502",0,male
723,224,"Svajda, Zachary","192,289","192,289",0,male
724,225,"Pellegrino, Andrea","191,683","132,882","58,801",male
725,226,"Cabal, Juan Sebastian","189,424",0,"189,424",male
726,227,"Krutykh, Oleksii","189,417","187,054","2,363",male
727,228,"Pospisil, Vasek","185,929","170,989","14,940",male
728,229,"Kopriva, Vit","184,718","179,212","5,506",male
729,230,"Blancaneaux, Geoffrey","183,696","176,648","7,048",male
730,231,"Kovalik, Jozef","183,202","181,986","1,216",male
731,232,"Droguet, Titouan","182,464","179,339","3,125",male
732,233,"Novak, Dennis","179,419","179,147",272,male
733,234,"Riedi, Leandro","178,962","173,792","5,170",male
734,235,"Klein, Lukas","178,439","176,942","1,497",male
735,236,"Dzumhur, Damir","178,150","175,893","2,257",male
736,237,"de Jong, Jesper","177,075","172,233","4,842",male
737,238,"Mochizuki, Shintaro","176,011","172,103","3,908",male
738,239,"Kolar, Zdenek","175,522","156,127","19,395",male
739,240,"Pouille, Lucas","174,513","163,671","10,842",male
740,241,"Brancaccio, Raul","170,839","168,871","1,968",male
741,242,"Millman, John","170,748","159,161","11,587",male
742,243,"Tseng, Chun-Hsin","168,088","166,317","1,771",male
743,244,"Arneodo, Romain","168,030",0,"168,030",male
744,245,"Andreev, Adrian","166,720","163,181","3,539",male
745,246,"Wu, Tung-Lin","165,031","164,009","1,022",male
746,247,"Mpetshi Perricard, Giovanni","163,775","154,660","9,115",male
747,248,"Cabral, Francisco","162,987",0,"162,987",male
748,249,"Weissborn, Sam","162,684",290,"162,394",male
749,250,"Basilashvili, Nikoloz","162,318","162,318",0,male
750,251,"Ferreira Silva, Frederico","160,795","156,331","4,464",male
751,252,"Gigante, Matteo","160,388","157,146","3,242",male
752,253,"Gakhov, Ivan","160,387","159,059","1,328",male
753,254,"Behar, Ariel","158,529",0,"158,529",male
754,255,"Vega Hernandez, David","157,794",0,"157,794",male
755,256,"Darderi, Luciano","156,673","142,028","14,645",male
756,257,"Galloway, Robert","156,092",203,"155,889",male
757,258,"Bonadio, Riccardo","155,751","150,524","5,227",male
758,259,"Edmund, Kyle","149,096","149,096",0,male
759,260,"Olivetti, Albano","148,381","2,471","145,910",male
760,261,"Escobar, Gonzalo","147,539",0,"147,539",male
761,262,"Bhambri, Yuki","147,262","13,880","133,382",male
762,263,"Nedovyesov, Aleksandr","147,170",530,"146,640",male
763,264,"Ugo Carabelli, Camilo","146,812","143,151","3,661",male
764,265,"Uchida, Kaichi","144,838","138,452","6,386",male
765,266,"Escoffier, Antoine","142,732","133,973","8,759",male
766,267,"Sock, Jack","141,462","59,960","81,502",male
767,268,"Ritschard, Alexander","141,350","139,117","2,233",male
768,269,"Kypson, Patrick","140,204","139,660",544,male
769,270,"Collarini, Andrea","139,855","132,139","7,716",male
770,271,"Carreno Busta, Pablo","139,351","139,351",0,male
771,272,"Travaglia, Stefano","138,584","131,320","7,264",male
772,273,"Bolt, Alex","138,560","105,566","32,994",male
773,274,"Demoliner, Marcelo","138,013",0,"138,013",male
774,275,"Agamenone, Franco","137,688","133,271","4,417",male
775,276,"Trungelliti, Marco","135,865","132,641","3,224",male
776,277,"Maestrelli, Francesco","135,835","128,563","7,272",male
777,278,"Farah, Robert","135,308",0,"135,308",male
778,279,"Galarneau, Alexis","135,283","124,095","11,188",male
779,280,"Quinn, Ethan","131,607","114,100","17,507",male
780,281,"Cash, Julian","131,597",0,"131,597",male
781,282,"De Loore, Joris","129,444","126,480","2,964",male
782,283,"Pavlasek, Adam","128,101",0,"128,101",male
783,284,"Llamas Ruiz, Pablo","127,643","125,604","2,039",male
784,285,"Onclin, Gauthier","126,743","126,202",541,male
785,286,"Shelbayh, Abdullah","126,243","113,651","12,592",male
786,287,"Goransson, Andre","125,869",0,"125,869",male
787,288,"Gombos, Norbert","123,094","123,094",0,male
788,289,"Delbonis, Federico","122,626","122,186",440,male
789,290,"Atmane, Terence","121,889","121,889",0,male
790,291,"Comesana, Francisco","117,539","115,123","2,416",male
791,292,"Gaio, Federico","117,355","111,617","5,738",male
792,293,"Ficovich, Juan Pablo","117,196","111,989","5,207",male
793,294,"Giannessi, Alessandro","116,638","110,023","6,615",male
794,295,"Navone, Mariano","116,273","112,812","3,461",male
795,296,"Sweeny, Dane","116,208","98,942","17,266",male
796,297,"Ionel, Nicholas David","115,755","111,932","3,823",male
797,298,"Stevens, Bart","115,606",574,"115,032",male
798,299,"McLachlan, Ben","114,901",0,"114,901",male
799,300,"Tu, Li","114,086","100,497","13,589",male
800,301,"Reyes-Varela, Miguel Angel","113,844",0,"113,844",male
801,302,"Cacic, Nikola","113,518",0,"113,518",male
802,303,"Olivo, Renzo","111,805","102,465","9,340",male
803,304,"Bellier, Antoine","110,098","105,529","4,569",male
804,305,"Gerasimov, Egor","110,072","105,603","4,469",male
805,306,"Barrientos, Nicolas","109,679","1,787","107,892",male
806,307,"Myneni, Saketh","109,084",0,"109,084",male
807,308,"Hong, Seongchan","108,968","105,301","3,667",male
808,309,"Andreozzi, Guido","108,191","54,269","53,922",male
809,310,"Neuchrist, Maximilian","107,243","97,185","10,058",male
810,311,"Noguchi, Rio","105,292","99,293","5,999",male
811,312,"Balazs, Attila","104,880","104,880",0,male
812,313,"Added, Dan","104,635","63,696","40,939",male
813,314,"Kukushkin, Mikhail","103,737","100,957","2,780",male
814,315,"Berankis, Ricardas","103,003","103,003",0,male
815,316,"Loffhagen, George","102,960","102,780",180,male
816,317,"Escobedo, Ernesto","102,072","99,205","2,867",male
817,318,"Tsitsipas, Petros","101,409",380,"101,029",male
818,319,"Golubev, Andrey","100,586",530,"100,056",male
819,320,"Sachko, Vitaliy","99,923","91,137","8,786",male
820,321,"Hardt, Nick","99,020","92,677","6,343",male
821,322,"Fery, Arthur","97,840","96,615","1,225",male
822,323,"Tien, Learner","97,319","96,854",465,male
823,324,"Patten, Henry","97,006",0,"97,006",male
824,325,"Dougaz, Aziz","94,042","89,050","4,992",male
825,326,"Rodriguez Taverna, Santiago","93,509","81,393","12,116",male
826,327,"Nagal, Sumit","93,456","89,577","3,879",male
827,328,"Oswald, Philipp","92,467",0,"92,467",male
828,329,"Ilkel, Cem","91,677","90,693",984,male
829,330,"Verdasco, Fernando","91,525","91,080",445,male
830,331,"Walton, Adam","90,425","74,930","15,495",male
831,332,"Sels, Jelle","89,684","85,943","3,741",male
832,333,"Rincon, Daniel","89,533","75,322","14,211",male
833,334,"Lopez, Feliciano","88,453","85,730","2,723",male
834,335,"Madaras, Dragos Nicolae","88,228","80,432","7,796",male
835,336,"Harris, Billy","88,126","83,295","4,831",male
836,337,"Guinard, Manuel","87,423","63,791","23,632",male
837,338,"Krueger, Mitchell","86,867","78,085","8,782",male
838,339,"Celikbilek, Altug","85,449","84,203","1,246",male
839,340,"Balaji, N.Sriram","84,622",0,"84,622",male
840,341,"Saville, Luke","82,003","38,737","43,266",male
841,342,"Geerts, Michael","81,915","71,742","10,173",male
842,343,"Schoolkate, Tristan","81,814","67,440","14,374",male
843,344,"Sakellaridis, Stefanos","81,631","73,809","7,822",male
844,345,"Serdarusic, Nino","79,776","56,059","23,717",male
845,346,"Shimizu, Yuta","79,712","71,860","7,852",male
846,347,"Laaksonen, Henri","79,177","79,177",0,male
847,348,"Sandgren, Tennys","79,027","76,890","2,137",male
848,349,"Duran, Guillermo","78,784",574,"78,210",male
849,350,"Pel, David","77,955",580,"77,375",male
850,351,"Cornea, Victor Vlad","77,182",0,"77,182",male
851,352,"Damm, Martin","76,251","63,702","12,549",male
852,353,"Fatic, Nerman","75,051","71,364","3,687",male
853,354,"Molleker, Rudolf","74,385","67,189","7,196",male
854,355,"Blumberg, William","74,181",390,"73,791",male
855,356,"Nedunchezhiyan, Jeevan","73,967",310,"73,657",male
856,357,"Giustino, Lorenzo","73,724","71,076","2,648",male
857,358,"Michalski, Daniel","72,077","70,945","1,132",male
858,359,"Bu, Yunchaokete","72,012","65,751","6,261",male
859,360,"Smith, John-Patrick","71,518",785,"70,733",male
860,361,"Collignon, Raphael","71,126","70,376",750,male
861,362,"Martinez, Luis David","70,650",0,"70,650",male
862,363,"Spizzirri, Eliot","70,612","55,535","15,077",male
863,364,"Lavagno, Edoardo","70,094","68,030","2,064",male
864,365,"Roca Batalla, Oriol","69,492","52,164","17,328",male
865,366,"Stalder, Reese","68,701",385,"68,316",male
866,367,"Andujar, Pablo","68,396","68,396",0,male
867,368,"Hidalgo, Diego","67,841","1,880","65,961",male
868,369,"Prizmic, Dino","66,946","66,850",96,male
869,370,"McCabe, James","66,412","61,508","4,904",male
870,371,"Valkusz, Mate","65,210","64,891",319,male
871,372,"Sekulic, Philip","64,029","64,029",0,male
872,373,"Anderson, Kevin","63,535","61,780","1,755",male
873,374,"Mayo, Aidan","63,407","63,317",90,male
874,375,"Lajal, Mark","62,491","61,467","1,024",male
875,376,"Kicker, Nicolas","62,193","56,326","5,867",male
876,377,"Donskoy, Evgeny","61,348","59,874","1,474",male
877,378,"Napolitano, Stefano","60,572","59,373","1,199",male
878,379,"Ajdukovic, Duje","60,544","60,075",469,male
879,380,"Gojowczyk, Peter","60,485","60,485",0,male
880,381,"Vacherot, Valentin","60,069","58,982","1,087",male
881,382,"Qureshi, Aisam-Ul-Haq","59,400",0,"59,400",male
882,383,"Kachmazov, Alibek","59,254","57,044","2,210",male
883,384,"Landaluce, Martin","58,199","41,831","16,368",male
884,385,"Samuel, Toby","58,007","40,170","17,837",male
885,386,"Chappell, Nick","57,674","52,069","5,605",male
886,387,"Broom, Charles","57,648","48,788","8,860",male
887,388,"Hassan, Benjamin","57,476","56,038","1,438",male
888,389,"Monday, Johannus","57,329","34,982","22,347",male
889,390,"Mager, Gianluca","57,218","56,311",907,male
890,391,"Statham, Rubin","56,790","31,775","25,015",male
891,392,"Pucinelli De Almeida, Matheus","56,615","52,599","4,016",male
892,393,"Uchiyama, Yasutaka","56,589","47,876","8,713",male
893,394,"Taberner, Carlos","56,505","51,219","5,286",male
894,395,"Molchanov, Denys","56,402",319,"56,083",male
895,396,"Squire, Henri","56,317","52,921","3,396",male
896,397,"Klahn, Bradley","56,222","54,760","1,462",male
897,398,"Durasovic, Viktor","56,124","44,215","11,909",male
898,399,"Boyer, Tristan","55,537","54,453","1,084",male
899,400,"Mansouri, Skander","55,279","38,824","16,455",male
900,401,"Jebens, Hendrik","55,197","2,665","52,532",male
901,402,"Gueymard Wayenburg, Sascha","54,926","42,140","12,786",male
902,403,"Zekic, Miljan","53,971","51,920","2,051",male
903,404,"Zuk, Kacper","53,908","49,392","4,516",male
904,405,"Cuevas, Pablo","53,240","52,462",778,male
905,406,"Wessels, Louis","52,883","51,380","1,503",male
906,407,"Neumayer, Lukas","52,840","51,131","1,709",male
907,408,"Mejia, Nicolas","52,647","47,282","5,365",male
908,409,"Jung, Jason","52,341","50,035","2,306",male
909,410,"Sanchez, Luca","52,264",507,"51,757",male
910,411,"Eysseric, Jonathan","52,151","1,352","50,799",male
911,412,"Jasika, Omar","51,810","48,658","3,152",male
912,413,"Zhou, Yi","51,377","43,112","8,265",male
913,414,"Ramanathan, Ramkumar","51,099","15,467","35,632",male
914,415,"Brkic, Tomislav","50,847",0,"50,847",male
915,416,"Rodriguez, Cristian","50,436",915,"49,521",male
916,417,"Jebavy, Roman","50,324",395,"49,929",male
917,418,"Harris, Andrew","49,515",0,"49,515",male
918,419,"Oliveira, Goncalo","48,898","44,101","4,797",male
919,420,"Lock, Benjamin","48,790","39,222","9,568",male
920,421,"Arribage, Theo","48,741",510,"48,231",male
921,422,"Frantzen, Constantin","48,672",140,"48,532",male
922,423,"Debru, Gabriel","48,572","45,486","3,086",male
923,424,"Elias, Gastao","47,472","46,497",975,male
924,425,"Hemery, Calvin","47,380","44,008","3,372",male
925,426,"van Rijthoven, Tim","46,428","46,428",0,male
926,427,"Yevseyev, Denis","46,191","42,671","3,520",male
927,428,"Zhukayev, Beibit","46,049","45,597",452,male
928,429,"Cui, Jie","45,990","31,209","14,781",male
929,430,"Sasikumar, Mukund","45,424","41,912","3,512",male
930,431,"Dellien, Murkel","45,357","34,928","10,429",male
931,432,"Zheng, Michael","45,243","44,721",522,male
932,433,"Berrettini, Jacopo","44,637","35,948","8,689",male
933,434,"Diez, Steven","44,348","39,815","4,533",male
934,435,"Pacheco Mendez, Rodrigo","43,742","38,656","5,086",male
935,436,"Marie, Jules","43,633","42,728",905,male
936,437,"Heide, Gustavo","43,537","33,300","10,237",male
937,438,"O'Mara, Jonny","43,525",0,"43,525",male
938,439,"Chung, Yun seong","43,517","28,095","15,422",male
939,440,"Paulson, Andrew","43,302","23,860","19,442",male
940,441,"Hach Verdugo, Hans","43,250",290,"42,960",male
941,442,"Erhard, Mathys","42,992","41,627","1,365",male
942,443,"Rocha, Henrique","42,835","35,199","7,636",male
943,444,"Arends, Sander","42,828",0,"42,828",male
944,445,"Alves, Mateus","42,450","33,505","8,945",male
945,446,"Nouza, Petr","42,266","9,244","33,022",male
946,447,"King, Evan","41,932",920,"41,012",male
947,448,"Tabur, Clement","41,762","38,335","3,427",male
948,449,"Ferrari, Gianmarco","41,759","27,734","14,025",male
949,450,"Topo, Marko","41,248","35,071","6,177",male
950,451,"Kwiatkowski, Thai-Son","40,903","36,072","4,831",male
951,452,"Burruchaga, Roman Andres","40,829","34,000","6,829",male
952,453,"Casanova, Hernan","40,777","33,364","7,413",male
953,454,"Reis Da Silva, Joao Lucas","40,687","31,870","8,817",male
954,455,"Crawford, Oliver","40,536","39,044","1,492",male
955,456,"Janvier, Maxime","40,494","40,135",359,male
956,457,"Zeballos, Federico","40,480","1,894","38,586",male
957,458,"Furness, Evan","40,456","38,550","1,906",male
958,459,"Kirkov, Vasil","40,436",0,"40,436",male
959,460,"Caruso, Salvatore","40,187","36,544","3,643",male
960,461,"Arias, Boris","39,653",595,"39,058",male
961,462,"Marchenko, Illya","39,587","39,315",272,male
962,463,"Niklas-Salminen, Patrik","39,237",0,"39,237",male
963,464,"Mena, Facundo","39,145","36,904","2,241",male
964,465,"Johnson, Luke","39,138",200,"38,938",male
965,466,"Masur, Daniel","38,724","28,191","10,533",male
966,467T,"Sabanov, Ivan","38,683",0,"38,683",male
967,467T,"Sabanov, Matej","38,683",0,"38,683",male
968,469,"Chandrasekar, Anirudh","38,606",510,"38,096",male
969,470,"Sanchez Izquierdo, Nikolas","38,422","34,954","3,468",male
970,471,"Kuzuhara, Bruno","38,046","36,961","1,085",male
971,472,"Ribeiro, Eduardo","37,887","33,632","4,255",male
972,473,"Kingsley, Cannon","37,772","35,663","2,109",male
973,474,"Martineau, Matteo","37,626","33,143","4,483",male
974,475,"Pervolarakis, Michail","37,379","26,255","11,124",male
975,476,"Forti, Francesco","37,309","27,577","9,732",male
976,477,"Jacquet, Kyrian","37,295","33,032","4,263",male
977,478,"Fonio, Giovanni","37,283","31,931","5,352",male
978,479,"Sun, Fajing","37,130","18,918","18,212",male
979,480,"Kumar, Omni","37,047","36,591",456,male
980,481,"Rola, Blaz","36,957","16,632","20,325",male
981,482,"Bourgue, Mathias","36,924","32,507","4,417",male
982,483,"Palan, Dominik","36,775","35,790",985,male
983,484,"Nishikori, Kei","36,620","36,620",0,male
984,485,"Ejupovic, Elmar","36,603","34,356","2,247",male
985,486,"Kadhe, Arjun","36,554","4,967","31,587",male
986,487,"Klaasen, Raven","36,423",0,"36,423",male
987,488,"Harrison, Christian","36,187","14,983","21,204",male
988,489,"Prashanth, Vijay Sundar","35,980",0,"35,980",male
989,490,"Oberleitner, Neil","35,746","19,072","16,674",male
990,491,"Borg, Leo","35,723","32,659","3,064",male
991,492,"Moro Canas, Alejandro","35,585","34,291","1,294",male
992,493,"Sinclair, Colin","35,261","22,468","12,793",male
993,494,"Wendelken, Harry","34,885","31,688","3,197",male
994,495,"Sugita, Yuichi","34,810","34,810",0,male
995,496,"Chung, Hyeon","34,186","34,186",0,male
996,497,"Zhu, Evan","34,104","29,460","4,644",male
997,498,"Boscardin Dias, Pedro","34,003","20,893","13,110",male
998,499,"Cox, Daniel","33,988","33,988",0,male
999,500,"Manafov, Vladyslav","33,370",407,"32,963",male
