,Rank,diff,pct,women,men
0,1,2606564,75.38820111099265,"SABALENKA, ARYNA","Sinner, Jannik"
1,2,639964,92.15312757758204,"SWIATEK, IGA","Alcaraz, Carlos"
2,3,1620060,74.23596973888168,"PAOLINI, JASMINE","Zverev, Alexander"
3,4,736169,83.48438881476767,"PEGULA, JESSICA","Medvedev, Daniil"
4,5,721320,83.47656075511375,"KREJCIKOVA, BARBORA","Fritz, Taylor"
5,6,547507,85.7305413333368,"GAUFF, COCO","Djokovic, Novak"
6,7,600268,84.17091158311717,"RYBAKINA, ELENA","Ruud, Casper"
7,8,802131,77.04842934746064,"NAVARRO, EMMA","Rublev, Andrey"
8,9,836447,75.54755461513972,"MERTENS, ELISE","de Minaur, Alex"
9,10,668183,78.76396252548103,"ZHENG, QINWEN","Tsitsipas, Stefanos"
10,11,464263,83.52070866245145,"COLLINS, DANIELLE","Dimitrov, Grigor"
11,12,415054,84.49866425748739,"OSTAPENKO, JELENA","Hurkacz, Hubert"
12,13,764243,71.18143437640465,"DOLEHIDE, CAROLINE","Paul, Tommy"
13,14,720893,71.73367681425368,"SAKKARI, MARIA","Tiafoe, Frances"
14,15,650767,73.5090988728991,"VEKIC, DONNA","Thompson, Jordan"
15,16,650340,73.36846312354831,"SINIAKOVA, KATERINA","Musetti, Lorenzo"
16,17,439263,79.89906126703782,"KALINSKAYA, ANNA","Korda, Sebastian"
17,18,464114,78.43689136349444,"HADDAD MAIA, BEATRIZ","Popyrin, Alexei"
18,19,409873,80.40555851422376,"KOSTYUK, MARTA","Draper, Jack"
19,20,460914,77.77031827172247,"BADOSA, PAULA","Rune, Holger"
20,21,386648,80.53267194928047,"ANDREEVA, MIRRA","Humbert, Ugo"
21,22,398343,79.18201411477452,"HSIEH, SU-WEI","Shelton, Ben"
22,23,233795,86.01230201868695,"SVITOLINA, ELINA","Auger-Aliassime, Felix"
23,24,241987,85.43278978266,"YASTREMSKA, DAYANA","Baez, Sebastian"
24,25,236962,85.63685604003413,"AZARENKA, VICTORIA","Khachanov, Karen"
25,26,285078,82.63835727061954,"NOSKOVA, LINDA","Jarry, Nicolas"
26,27,281074,82.76886067785763,"GARCIA, CAROLINE","Fils, Arthur"
27,28,204402,86.84487270415026,"KEYS, MADISON","Bublik, Alexander"
28,29,210184,86.47183423581608,"KASATKINA, DARIA","Purcell, Max"
29,30,213456,86.17693799127316,"SHNAIDER, DIANA","Zhang, Zhizhen"
30,31,227865,85.22082659336697,"SAMSONOVA, LIUDMILA","Tabilo, Alejandro"
31,32,225175,85.30258369058373,"PUTINTSEVA, YULIA","Griekspoor, Tallon"
32,33,223226,85.18364629677443,"PAVLYUCHENKOVA, ANASTASIA","Cerundolo, Francisco"
33,34,258877,82.75393899987942,"KRAWCZYK, DESIRAE","Arnaldi, Matteo"
34,35,216319,85.06087349266541,"ALEXANDROVA, EKATERINA","Machac, Tomas"
35,36,175689,87.4560720839075,"POTAPOVA, ANASTASIA","Cobolli, Flavio"
36,37,202658,85.45060076272743,"FERNANDEZ, LEYLAH","Borges, Nuno"
37,38,207226,85.06004430957876,"TOWNSEND, TAYLOR","Etcheverry, Tomas Martin"
38,39,152727,88.5226522940868,"VONDROUSOVA, MARKETA","Struff, Jan-Lennard"
39,40,152575,88.0450070323488,"MUCHOVA, KAROLINA","Nakashima, Brandon"
40,41,192832,84.67506272406419,"ERRANI, SARA","Marozsan, Fabian"
41,42,185394,85.1698206482134,"WANG, XINYU","Lehecka, Jiri"
42,43,135604,88.66624152396109,"BOULTER, KATIE","Mannarino, Adrian"
43,44,135414,88.5867297787285,"KENIN, SOFIA","Kecmanovic, Miomir"
44,45,125615,89.31975108468954,"JABEUR, ONS","Norrie, Cameron"
45,46,144776,87.25294076213285,"BUCSA, CRISTINA","Monfils, Gael"
46,47,194901,82.78583623399484,"FRECH, MAGDALENA","Michelsen, Alex"
47,48,168430,84.73951254869982,"SIEGEMUND, LAURA","Sonego, Lorenzo"
48,49,155581,85.73095156643943,"WANG, YAFAN","Davidovich Fokina, Alejandro"
49,50,92207,90.85295203025241,"BOUZKOVA, MARIE","Granollers, Marcel"
50,51,92322,90.84154388860892,"SORRIBES TORMO, SARA","Zeballos, Horacio"
51,52,87286,91.2592065931975,"STEARNS, PEYTON","Arevalo, Marcelo"
52,53,104930,89.49234181683448,"WOZNIACKI, CAROLINE","Pavic, Mate"
53,54,81292,91.58719596311249,"AVANESYAN, ELINA","Shang, Juncheng"
54,55,80493,91.62132594419214,"KALININA, ANHELINA","Darderi, Luciano"
55,56,79584,91.70462528846815,"KUDERMETOVA, VERONIKA","Giron, Marcos"
56,57,69795,92.6410349681317,"ANISIMOVA, AMANDA","Ofner, Sebastian"
57,58,69551,92.66108966742709,"STEPHENS, SLOANE","Safiullin, Roman"
58,59,70160,92.50574673354811,"KRUEGER, ASHLYN","Shapovalov, Denis"
59,60,107438,88.51860044862075,"RUS, ARANTXA","Navone, Mariano"
60,61,134742,85.59848654888255,"GRACHEVA, VARVARA","Carballes Baena, Roberto"
61,62,100617,88.82964196502914,"YUAN, YUE","Munar, Jaume"
62,63,118926,86.76339481982008,"PARRY, DIANE","Bautista Agut, Roberto"
63,64,117936,86.7836018764022,"COCCIARETTO, ELISABETTA","Shevchenko, Alexander"
64,65,118561,86.69540178290886,"KICHENOK, LYUDMYLA","Rinderknech, Arthur"
65,66,113959,87.09221063123677,"OSAKA, NAOMI","van de Zandschulp, Botic"
66,67,113826,87.08092101753665,"SUN, LULU","Martinez, Pedro"
67,68,112954,87.15392453894515,"LINETTE, MAGDA","Seyboth Wild, Thiago"
68,69,118892,86.45387913403815,"BLINKOVA, ANNA","Vavassori, Andrea"
69,70,119090,86.33626174164762,"PLISKOVA, KAROLINA","Muller, Alexandre"
70,71,123801,85.78307303628847,"TAUSON, CLARA","Hijikata, Rinky"
71,72,109996,87.08959559621829,"MARIA, TATJANA","Lajovic, Dusan"
72,73,108699,87.17506725187597,"CIRSTEA, SORANA","Kokkinakis, Thanasi"
73,74,108524,87.14594008134762,"BUREL, CLARA","Mpetshi Perricard, Giovanni"
74,75,126103,84.92020214340893,"ROUTLIFFE, ERIN","Mensik, Jakub"
75,76,131903,84.21323496850498,"TOMOVA, VIKTORIYA","Coric, Borna"
76,77,135436,83.69965265658736,"PERA, BERNARDA","Kotov, Pavel"
77,78,144709,82.55809889075444,"BRONZETTI, LUCIA","Koepfer, Dominik"
78,79,143216,82.58187549864758,"MINNEN, GREET","O'Connell, Christopher"
79,80,157510,80.40115967996815,"RADUCANU, EMMA","Vukic, Aleksandar"
80,81,148348,81.29410948799264,"WANG, XIYU","Hanfmann, Yannick"
81,82,160108,79.805252137938,"KERBER, ANGELIQUE","Eubanks, Christopher"
82,83,167256,78.77728559483009,"TSURENKO, LESIA","Nishioka, Yoshihito"
83,84,165785,78.9210357344929,"DART, HARRIET","Altmaier, Daniel"
84,85,141499,81.29876068720601,"PODOROSKA, NADIA","Cazaux, Arthur"
85,86,133575,82.04762570357987,"TOMLJANOVIC, AJLA","Berrettini, Matteo"
86,87,119807,83.48193666423552,"OSORIO, CAMILA","Goffin, David"
87,88,122947,83.02746594366555,"TREVISAN, MARTINA","Ruusuvuori, Emil"
88,89,120238,83.28188785441763,"VOLYNETS, KATIE","Ebden, Matthew"
89,90,113760,83.93263457619075,"HUNTER, STORM","Bopanna, Rohan"
90,91,113751,83.91734649153813,"SAVILLE, DARIA","Evans, Daniel"
91,92,87090,87.17478606235449,"BOGDAN, ANA","Bolelli, Simone"
92,93,94217,86.09862294965865,"BOUZAS MANEIRO, JESSICA","Daniel, Taro"
93,94,94590,86.01199014524816,"MARTIC, PETRA","Kovacevic, Aleksandar"
94,95,103581,84.67949722967516,"CRISTIAN, JAQUELINE","Diaz Acosta, Facundo"
95,96,98305,85.09855222290098,"PARKS, ALYCIA","Krawietz, Kevin"
96,97,104291,84.19117145494701,"ZHANG, SHUAI","Puetz, Tim"
97,98,104667,84.12647619509814,"SHERIF, MAYAR","McDonald, Mackenzie"
98,99,98275,84.93555744952205,"KORPATSCH, TAMARA","Bergs, Zizou"
99,100,96616,84.9935308909664,"ZHU, LIN","Fucsovics, Marton"
100,101,97203,84.74170002354603,"DODIN, OCEANE","Heliovaara, Harri"
101,102,96679,84.68875955180742,"NIEMEIER, JULE","Gaston, Hugo"
102,103,96471,84.5623922843166,"DABROWSKI, GABRIELA","Patten, Henry"
103,104,90611,85.33577168011264,"SCHMIEDLOVA, ANNA KAROLINA","Nagal, Sumit"
104,105,78718,86.95592375517211,"RAKHIMOVA, KAMILLA","Van Assche, Luca"
105,106,87014,85.48203565839219,"ANDREEVA, ERIKA","Coria, Federico"
106,107,87253,85.24686348111325,"HIBINO, NAO","Fognini, Fabio"
107,108,87523,85.10991946158008,"GOLUBIC, VIKTORIJA","Djere, Laslo"
108,109,96622,83.55370212765958,"DANILOVIC, OLGA","Moutet, Corentin"
109,110,96359,83.54474693552739,"UCHIJIMA, MOYUKA","Walton, Adam"
110,111,105831,81.56636516122964,"ZARAZUA, RENATA","Monteiro, Thiago"
111,112,93835,83.29779356795511,"MLADENOVIC, KRISTINA","Mektic, Nikola"
112,113,90465,83.74881212645981,"RUSE, ELENA-GABRIELA","Koolhof, Wesley"
113,114,97306,82.46236309140816,"ANDREESCU, BIANCA","Marterer, Maximilian"
114,115,98772,82.11876649685541,"TIMOFEEVA, MARIA","Halys, Quentin"
115,116,98858,81.99078206693021,"KESSLER, MCCARTNEY","Galan, Daniel Elahi"
116,117,103924,80.70410950256321,"BAPTISTE, HAILEY","Comesana, Francisco"
117,118,99661,81.24645998965046,"SASNOVICH, ALIAKSANDRA","Wawrinka, Stan"
118,119,105778,79.97538997425413,"GADECKI, OLIVIA","Nardi, Luca"
119,120,88073,82.72417885269859,"FRUHVIRTOVA, BRENDA","Venus, Michael"
120,121,79934,83.9193209959745,"MASAROVA, REBEKA","Lestienne, Constant"
121,122,60533,87.2302139302538,"MATTEK-SANDS, BETHANIE","Gasquet, Richard"
122,123,56128,87.99573109308399,"CARLE, MARIA LOURDES","Kwon, Soonwoo"
123,124,58217,87.50303209838381,"STARODUBTSEVA, YULIIA","Duckworth, James"
124,125,59222,87.28262876923539,"PAQUET, CHLOE","Cachin, Pedro"
125,126,59598,87.12010044929882,"PONCHET, JESSIKA","Skupski, Neal"
126,127,61186,86.65666414422823,"PEREZ, ELLEN","Diallo, Gabriel"
127,128,73022,83.84762056441089,"BONDAR, ANNA","Lammons, Nathaniel"
128,129,83452,81.54051698585654,"MUHAMMAD, ASIA","Withrow, Jackson"
129,130,88708,80.24852990619455,"BEGU, IRINA-CAMELIA","Virtanen, Otto"
130,131,85895,80.545350770304,"SRAMKOVA, REBECCA","Murray, Andy"
131,132,72493,83.05992924208647,"KRUNIC, ALEKSANDRA","Bellucci, Mattia"
132,133,78207,81.64004084842651,"SHIBAHARA, ENA","de Jong, Jesper"
133,134,81994,80.63443402353798,"MONTGOMERY, ROBIN","Dodig, Ivan"
134,135,74897,81.86653818590327,"SCHUURS, DEMI","Nys, Hugo"
135,136,74190,81.86289729153577,"BEKTAS, EMINA","Nishikori, Kei"
136,137,63409,83.933462556852,"BIRRELL, KIMBERLY","Grenier, Hugo"
137,138,62829,83.9005678323972,"WATSON, HEATHER","Ram, Rajeev"
138,139,62995,83.8253720459704,"MELICHAR-MARTINEZ, NICOLE","Carreno Busta, Pablo"
139,140,64698,83.38106821678744,"LYS, EVA","Gille, Sander"
140,141,65570,83.15707816276782,"DAY, KAYLA","Vliegen, Joran"
141,142,62875,83.68523069018934,"ROGERS, SHELBY","Pouille, Lucas"
142,143,71039,81.54950977209272,"PRESTON, TAYLAH","Zielinski, Jan"
143,144,81137,78.92178638880013,"RIERA, JULIA","Medjedovic, Hamad"
144,145,89264,76.77031855454672,"BAI, ZHUOXUAN","Molteni, Andres"
145,146,84797,77.60703713190925,"ZAKHAROVA, ANASTASIA","Salisbury, Joe"
146,147,80581,78.30998729516139,"RODIONOVA, ARINA","Atmane, Terence"
147,148,80979,78.15145775662506,"STEFANI, LUISA","Mayot, Harold"
148,149,79328,78.35991696196454,"CHAN, HAO-CHING","Krajicek, Austin"
149,150,72286,79.73814255561878,"FRUHVIRTOVA, LINDA","Barrere, Gregoire"
150,151,71532,79.75266848009149,"SONMEZ, ZEYNEP","Harris, Billy"
151,152,69937,79.87065318128703,"GALFI, DALMA","Gonzalez, Maximo"
152,153,68904,80.1041224521617,"JOINT, MAYA","Klein, Lukas"
153,154,69105,80.04003258062839,"SNIGUR, DARIA","Garin, Cristian"
154,155,69493,79.62781098567355,"ZIDANSEK, TAMARA","Karatsev, Aslan"
155,156,68324,79.8852418958345,"KAWA, KATARZYNA","Mochizuki, Shintaro"
156,157,66226,80.16835309231271,"HONTAMA, MAI","Ramos-Vinolas, Albert"
157,158,68265,79.49507389162561,"PARRIZAS DIAZ, NURIA","Zeppieri, Giulio"
158,159,67426,79.48476098617732,"EALA, ALEXANDRA","Meligeni Alves, Felipe"
159,160,68693,79.06537328079334,"DAVIS, LAUREN","Moreno De Alboran, Nicolas"
160,161,67167,79.42515285554997,"MIYAZAKI, YURIKO LILY","Albot, Radu"
161,162,64842,79.8368088163042,"KARTAL, SONAY","Kopriva, Vit"
162,163,66074,79.43554661969114,"JACQUEMOT, ELSA","Wolf, J.J."
163,164,67442,78.98911479005315,"MARINO, REBECCA","Svajda, Zachary"
164,165,69015,78.17017238652538,"BEJLEK, SARA","Melo, Marcelo"
165,166,73247,76.64012195471985,"BABOS, TIMEA","Ugo Carabelli, Camilo"
166,167,72619,76.75291873013231,"AIAVA, DESTANEE","Kovalik, Jozef"
167,168,69613,77.36832352051913,"BASSOLS RIBERA, MARINA","Tirante, Thiago Agustin"
168,169,67908,77.76271452850393,"ZHENG, SAISAI","Nadal, Rafael"
169,170,65290,78.27078153964942,"HON, PRISCILLA","Kukushkin, Mikhail"
170,171,60145,79.33992174967453,"LI, ANN","Pavlasek, Adam"
171,172,66352,77.11573879274071,"PANOVA, ALEXANDRA","Glasspool, Lloyd"
172,173,67551,76.62481919539354,"KHROMACHEVA, IRINA","Doumbia, Sadio"
173,174,67015,76.63215741518849,"DANILINA, ANNA","Murray, Jamie"
174,175,66081,76.7053025656211,"FETT, JANA","Schoolkate, Tristan"
175,176,67210,76.18313577490741,"FERRO, FIONA","Behar, Ariel"
176,177,66978,76.21773248588573,"JEANJEAN, LEOLIA","Roger-Vasselin, Edouard"
177,178,65178,76.66112837847515,"SEIDEL, ELLA","Choinski, Jan"
178,179,63085,77.20415264924712,"BAINDL, KATERYNA","Reboul, Fabien"
179,180,59903,78.0985843399924,"STAKUSIC, MARINA","Herbert, Pierre-Hugues"
180,181,61785,77.22186789162645,"EIKERI, ULRIKKE","Bu, Yunchaokete"
181,182,59803,77.70798930931781,"VICKERY, SACHIA","Harris, Lloyd"
182,183,59206,77.84762054424976,"OLMOS, GIULIANA","Matos, Rafael"
183,184,59264,77.58327218258981,"KICHENOK, NADIIA","Nava, Emilio"
184,185,58619,77.77208988389113,"ARANGO, EMILIANA","Schwartzman, Diego"
185,186,58906,77.60364388478267,"CORNET, ALIZÉ","Rojer, Jean-Julien"
186,187,61168,76.64603672155683,"GIBSON, TALIA","Burruchaga, Roman Andres"
187,188,58397,77.43773809431819,"LEPCHENKO, VARVARA","Vacherot, Valentin"
188,189,58976,77.13674302483805,"SEMENISTAJA, DARJA","Kypson, Patrick"
189,190,57211,77.6656503628634,"PIGOSSI, LAURA","Passaro, Francesco"
190,191,58260,77.10382663989027,"SIERRA, SOLANA","Thiem, Dominic"
191,192,58770,76.7283469087943,"SUTJIADI, ALDILA","Fonseca, Joao"
192,193,58489,76.66916639409,"KATO, MIYU","Zapata Miralles, Bernabe"
193,194,60375,75.85714628469972,"LIU, CLAIRE","Cilic, Marin"
194,195,60331,75.79129415918977,"UDVARDY, PANNA","Dzumhur, Damir"
195,196,61087,75.46657563404887,"JONES, FRANCESCA","Krueger, Mitchell"
196,197,62198,74.86553436703157,"TODONI, ANCA","Gonzalez, Santiago"
197,198,58049,76.12321538012249,"GIORGI, CAMILA","Raonic, Milos"
198,199,62169,74.37861897010035,"SHARMA, ASTRA","Napolitano, Stefano"
199,200,65308,72.85890019283197,"HARTONO, ARIANNE","Squire, Henri"
200,201,64552,73.0683221521311,"WANG, QIANG","Ajdukovic, Duje"
201,202,64516,73.07559083378197,"GUO, HANYU","Cressy, Maxime"
202,203,62494,73.69404712795603,"NINOMIYA, MAKOTO","Bonzi, Benjamin"
203,204,53922,76.20262326336787,"XU, YIFAN","Fearnley, Jacob"
204,205,55370,75.46308605867233,"JOVIC, IVA","Skatov, Timofey"
205,206,54788,75.55645776542444,"STEFANINI, LUCREZIA","Stricker, Dominic"
206,207,51922,76.50439394350774,"TEICHMANN, JIL","Trungelliti, Marco"
207,208,51826,76.4816394692418,"VAN UYTVANCK, ALISON","Shelbayh, Abdullah"
208,209,46465,78.34607139528381,"INGLIS, MADDISON","Varillas, Juan Pablo"
209,210,46792,78.08788821039224,"CIRIC BAGARIC, LUCIJA","Cash, Julian"
210,211,44472,78.89731945848222,"WEI, SIJIA","Galloway, Robert"
211,212,44579,78.83650381454702,"BOSKOVIC, LEA","Jubb, Paul"
212,213,43549,79.0483750691588,"NICULESCU, MONICA","Bhambri, Yuki"
213,214,45221,78.14523768099131,"LAMENS, SUZAN","Bagnis, Facundo"
214,215,44061,78.49854334109241,"MIHALIKOVA, TEREZA","Polmans, Marc"
215,216,42400,79.13488509423749,"WALTERT, SIMONA","Rodionov, Jurij"
216,217,46898,76.83076847071611,"HOZUMI, ERI","Tu, Li"
217,218,45571,77.09459017959016,"KUDERMETOVA, POLINA","Peers, John"
218,219,45454,77.02312650069506,"PAPAMICHAIL, DESPINA","Olivetti, Albano"
219,220,45198,77.10218349460459,"SHYMANOVICH, IRYNA","Opelka, Reilly"
220,221,46528,76.35279707662673,"ERJAVEC, VERONIKA","Bolt, Alex"
221,222,44213,77.17155027752678,"AOYAMA, SHUKO","Barrientos, Nicolas"
222,223,45327,76.5646569775558,"AVDEEVA, JULIA","Hassan, Benjamin"
223,224,44958,76.69410691328329,"WU, FANG-HSIEN","Dellien, Hugo"
224,225,43761,77.15056991734501,"KNUTSON, GABRIELA","Haase, Robin"
225,226,43921,76.98651813737563,"MANDLIK, ELIZABETH","Heide, Gustavo"
226,227,45115,76.30016810254256,"BARA, IRINA","Erler, Alexander"
227,228,46091,75.57846882600103,"JIANG, XINYU","Jebens, Hendrik"
228,229,46105,75.4048950153636,"ZAVATSKA, KATARINA","Jacquet, Kyrian"
229,230,46544,75.14073599316349,"NAEF, CELINE","Riedi, Leandro"
230,231,48516,74.08374865787407,"PITER, KATARZYNA","Gigante, Matteo"
231,232,49000,73.75665456259306,"SALKOVA, DOMINIKA","Ritschard, Alexander"
232,233,48380,73.97315544557118,"JANICIJEVIC, SELENA","Barrios Vera, Tomas"
233,234,50471,72.81462928550268,"HRUNCAKOVA, VIKTORIA","Frantzen, Constantin"
234,235,49705,72.64988774926266,"BULGARU, MIRIAM","Ymer, Elias"
235,236,48680,72.9314946619217,"KORNEEVA, ALINA","Droguet, Titouan"
236,237,47444,73.34951101823923,"MAKAROVA, EKATERINA","Misolic, Filip"
237,238,46760,73.53721823871965,"TARARUDEE, LANLANA","Smith, John-Patrick"
238,239,45270,74.1456115502353,"TAN, HARMONY","Yevseyev, Denis"
239,240,44023,74.53139101659222,"STEVANOVIC, NATALIJA","Moro Canas, Alejandro"
240,241,43405,74.77846538249223,"SELEKHMETEVA, OKSANA","Hong, Seongchan"
241,242,44168,74.31480759948592,"MA, YE-XIN","Broady, Liam"
242,243,42862,74.82689156569899,"KALASHNIKOVA, OKSANA","Prizmic, Dino"
243,244,43049,74.70176180905705,"TIKHONOVA, ANASTASIA","Zhukayev, Beibit"
244,245,45580,73.05286557175458,"JORGE, FRANCISCA","Huesler, Marc-Andrea"
245,246,44612,73.44729276901192,"MONNET, CAROLE","Molleker, Rudolf"
246,247,46345,72.12565558389068,"SERBAN, RALUKA","Wong, Coleman"
247,248,45665,72.40935538248675,"NGOUNOUE, CLERVIE","Mies, Andreas"
248,249,45689,72.37515947058787,"WICKMAYER, YANINA","Shimabukuro, Sho"
249,250,46244,72.02318293464978,"JUVAN, KAJA","Escoffier, Antoine"
250,251,41981,73.87600420662231,"NICHOLLS, OLIVIA","Kasnikowski, Maks"
251,252,43024,73.2227989593836,"MORATELLI, ANGELICA","Tien, Learner"
252,253,42435,72.87042246317512,"NOHA AKUGUE, NOMA","Janvier, Maxime"
253,254,41351,73.36575311584168,"YOU, XIAODI","Brouwer, Gijs"
254,255,40099,73.8959195896154,"RUZIC, ANTONIA","Roca Batalla, Oriol"
255,256,38424,74.59234278912913,"BURRAGE, JODIE","Blanchet, Ugo"
256,257,38206,74.55816741026837,"JAKUPOVIC, DALILA","Hsu, Yu Hsiou"
257,258,39838,73.31162784465837,"GAO, XINYU","Miedler, Lucas"
258,259,40792,72.58196776405114,"SAITO, SARA","Jasika, Omar"
259,260,39431,73.16578537255943,"ZVONAREVA, VERA","Escobar, Gonzalo"
260,261,40204,72.6082276152452,"SIZIKOVA, YANA","Kudla, Denis"
261,262,41044,71.90537469539741,"BURILLO ESCORIHUELA, IRENE","Vesely, Jiri"
262,263,40976,71.92655522060839,"GRABHER, JULIA","Uchiyama, Yasutaka"
263,264,40883,71.93682129569885,"JANG, SU JEONG","Pellegrino, Andrea"
264,265,41484,71.48650413433319,"GJORCHESKA, LINA","Broom, Charles"
265,266,41909,71.0681099589932,"JIMENEZ KASINTSEVA, VICTORIA","Nedovyesov, Aleksandr"
266,267,41789,71.11386070174468,"ROUVROY, MARGAUX","Tseng, Chun-Hsin"
267,268,39262,72.35907436480502,"LUMSDEN, MAIA","Reyes-Varela, Miguel"
268,269,39442,72.11318193387822,"NOEL, ALEXA","McCabe, James"
269,270,38508,72.58982973634758,"NEEL, INGRID","Sweeny, Dane"
270,271,37867,72.86064445845996,"SAWANGKAEW, MANANCHAYA","Verbeek, Sem"
271,272,37774,72.81350760018425,"ZHAO, CAROL","De Loore, Joris"
272,273,40473,70.78942810127313,"ROMERO GORMAZ, LEYRE","Mahut, Nicolas"
273,274,40948,70.43337617514116,"CHIRICO, LOUISA","Rocha, Henrique"
274,275,41778,69.8332009531374,"MARTINCOVA, TEREZA","Spizzirri, Eliot"
275,276,40145,70.6660333930072,"LUKAS, TENA","Paire, Benoit"
276,277,43266,68.32139876114748,"KRAUS, SINJA","Guinard, Manuel"
277,278,43978,67.70929703217469,"BRANCACCIO, NURIA","Gomez, Federico Agustin"
278,279,42037,68.55024539142926,"BARTHEL, MONA","Rincon, Daniel"
279,280,42981,67.74796272117419,"ROSATELLO, CAMILLA","Andreozzi, Guido"
280,281,41862,68.21291620790463,"SCHUNK, NASTASJA","Boyer, Tristan"
281,282,42210,67.84538972515082,"MARTINS, INGRID","Lajal, Mark"
282,283,41688,68.01080425724568,"SISKOVA, ANNA","Hardt, Nick"
283,284,42073,67.35667677888382,"TOPALOVA, GERGANA","Kym, Jerome"
284,285,43675,66.01775557682282,"OZ, IPEK","Quinn, Ethan"
285,286,43782,65.89602579881289,"KALIEVA, ELVINA","Crawford, Oliver"
286,287,44406,65.36355552782241,"CHANG, HANNA","Piros, Zsombor"
287,288,39582,67.8954668223958,"MARCINKO, PETRA","Dougaz, Aziz"
288,289,39235,68.06527755168484,"GRAMMATIKOPOULOU, VALENTINI","Mansouri, Skander"
289,290,38914,68.23891414533018,"VON DEICHMANN, KATHINKA","Couacaud, Enzo"
290,291,37940,68.68112364930123,"MITU, ANDREEA","Royer, Valentin"
291,292,39689,67.20784585894638,"HOVDE, LIV","Majchrzak, Kamil"
292,293,38100,68.08430434673346,"SKOCH, MIRIAM","Faria, Jaime"
293,294,38090,68.04959065897195,"CHANG, SOPHIE","Fery, Arthur"
294,295,37059,68.5436843758223,"LEONARD, MANON","Damm, Martin"
295,296,37632,67.8973589026138,"SAVINYKH, VALERIA","Martineau, Matteo"
296,297,38525,66.97696745270486,"CHWALINSKA, MAJA","Cabral, Francisco"
297,298,38441,66.92422195644505,"SCHOOFS, BIBIANE","Dellien, Murkel"
298,299,38727,66.60285100768375,"MURRAY SHARAN, SAMANTHA","Mmoh, Michael"
299,300,39049,66.20509403100037,"DINU, CRISTINA","Cerundolo, Juan Manuel"
300,301,36503,67.66985217922715,"SOBOLIEVA, ANASTASIIA","Middelkoop, Matwe"
301,302,38749,65.63860635458326,"MIKULSKYTE, JUSTINA","Weissborn, Sam"
302,303,38277,65.76388826775667,"FALEI, ALIONA","Hemery, Calvin"
303,304,38366,65.49137419273598,"CAPURRO TABORDA, MARTINA","King, Evan"
304,305,38689,64.98669659179352,"DIYAS, ZARINA","Searle, Henry"
305,306,39215,64.36295892402762,"WURTH, TARA","Kubler, Jason"
306,307,39354,63.91957679719087,"RAINA, ANKITA","Balaji, N.Sriram"
307,308,38308,64.46942504428802,"HARRISON, CATHERINE","Goransson, Andre"
308,309,39022,63.71430431184385,"FUNG, STACEY","Martin, Fabrice"
309,310,39863,62.72570012623311,"HERCOG, POLONA","Holt, Brandon"
310,311,39293,63.040267888216874,"RYSER, VALENTINA","Gaubas, Vilius"
311,312,38951,62.75197949737979,"FOURLIS, JAIMEE","Tsitsipas, Petros"
312,313,38591,62.805289434624214,"ABDURAIMOVA, NIGINA","Landaluce, Martin"
313,314,38607,62.781617838447524,"SAKATSUME, HIMENO","Travaglia, Stefano"
314,315,35302,64.82603323901,"LECHEMIA, ELIXANE","Forbes, Matthew"
315,316,36530,63.424280350438046,"APPLETON, EMILY","Arneodo, Romain"
316,317,35939,63.789420654911844,"ARCONADA, USUE MAITANE","Maestrelli, Francesco"
317,318,36098,63.5491558284191,"YANG, YA YI","Kachmazov, Alibek"
318,319,36405,62.923545407326685,"SEBOV, KATHERINE","Stalder, Reese"
319,320,35122,63.682049903316205,"SANTAMARIA, SABRINA","Arends, Sander"
320,321,35720,63.017414532126814,"MATEAS, MARIA","Svrcina, Dalibor"
321,322,35126,63.31220036973983,"TUBELLO, ALICE","Hidalgo, Diego"
322,323,34406,63.630790046722055,"PATTINAMA KERKHOVE, LESLEY","Llamas Ruiz, Pablo"
323,324,35532,62.14886069476846,"BANKS, AMARNI","Rodriguez Taverna, Santiago"
324,325,35201,62.30147255689425,"KONJUH, ANA","Galarneau, Alexis"
325,326,36588,60.63690155997848,"RADANOVIC, DEJANA","Watanuki, Yosuke"
326,327,36670,60.35847098503848,"ZIMMERMANN, KIMBERLEY","Popko, Dmitry"
327,328,35949,60.623685594111464,"BONAVENTURE, YSALINE","Sachko, Vitaliy"
328,329,32729,62.79231040323773,"PAREJA, JULIETA","Jacq, Gregoire"
329,330,31798,62.9450083320709,"MARISTANY ZULETA DE REALES,","Barranco Cosano, Javier"
330,331,31524,62.959568543128064,,"Molcan, Alex"
331,332,31706,62.7014563677858,"KLIMOVICOVA, LINDA","Valkusz, Mate"
332,333,31970,62.38513759956702,"WILLIAMS, VENUS","Cornea, Victor"
333,334,32858,61.27884230125622,"MCPHEE, KAYLAH","Johnson, Luke"
334,335,31434,62.28810000839802,"PROZOROVA, TATIANA","Fatic, Nerman"
335,336,30812,62.70907462542057,"RAKOTOMANGA RAJAONAH, TIANTSOA","Seggerman, Ryan"
336,337,30725,62.560165722293306,"BJORKLUND, MIRJAM","Marie, Jules"
337,338,30714,62.13290593021822,"BOLSOVA , ALIONA","Arribage, Theo"
338,339,29867,62.74773932023698,"ANSHBA, AMINA","Basavareddy, Nishesh"
339,340,30260,62.15181798851796,"STRAKHOVA, VALERIYA","Ficovich, Juan Pablo"
340,341,31566,60.30182984342577,"STOJANOVIC, NINA","Molchanov, Denys"
341,342,31416,60.338341118545635,"STOIANA, MARY","Daniell, Marcus"
342,343,31618,59.69508075515954,"MARTINEZ CIREZ, CARLOTA","Blumberg, William"
343,344,31709,59.36566925097713,"HESSE, AMANDINE","Romboli, Fernando"
344,345,31647,59.3346439998458,"URHOBO, AKASHA","Blancaneaux, Geoffrey"
345,346,31599,59.27176644970032,"STOLLAR, FANNY","Agamenone, Franco"
346,347,30970,59.74628592224808,"LANSERE, SOFYA","Clarke, Jay"
347,348,30883,59.57828329101332,"ERCAN, MELISA","Neumayer, Lukas"
348,349,30498,59.276271865402585,"FRIEDSAM, ANNA-LENA","Tabur, Clement"
349,350,30759,58.90965440773742,"PEDONE, GIORGIA","Collarini, Andrea"
350,351,31298,57.92600957143625,"GREY, SARAH BETH","Luz, Orlando"
351,352,31006,57.37479550734798,"KLUGMAN, HANNAH","Rodriguez, Cristian"
352,353,30406,57.58446558602795,"VESNINA, ELENA","Sekulic, Philip"
353,354,30102,57.7971876007683,"SILVA, EDEN","Andreev, Adrian"
354,355,29219,58.37215597441268,"KANEPI, KAIA","Marchenko, Illya"
355,356,29135,58.25692016734484,"HULE, PETRA","Gakhov, Ivan"
356,357,29173,58.07934934115043,"GRANT, TYRA CATERINA","Kicker, Nicolas"
357,358,29521,57.570748954395846,"GLUSHKO, LINA","Peniston, Ryan"
358,359,28375,58.53063252659886,"KOLODYNSKA, JANA","Prashanth, Vijay Sundar"
359,360,26811,59.822271507994785,"PRIDANKINA, ELENA","Nouza, Petr"
360,361,26017,60.28908968801514,"HELG?, MALENE","Masur, Daniel"
361,362,25558,60.567161415743506,"ITO, AOI","Olivieri, Genaro Alberto"
362,363,23820,61.84404433907862,"BOISSON, LOIS","Stevens, Bart"
363,364,23759,61.81330161689543,"PALICOVA, BARBORA","Mejia, Nicolas"
364,365,22832,62.72935031015344,"ANEY, JESSIE","Shimizu, Yuta"
365,366,22475,62.835882596114104,"ROBBE, ALICE","Cecchinato, Marco"
366,367,21772,63.5169328216901,"GLOZMAN, VALERIE","Oliveira, Gonzalo"
367,368,22056,62.860558708134775,"SAKELLARIDI, SAPFO","Blockx, Alexander"
368,369,21788,63.0417451189931,"KUNG, LEONIE","Onclin, Gauthier"
369,370,21552,63.16778890521927,"OSUIGWE, WHITNEY","Pacheco Mendez, Rodrigo"
370,371,21672,62.94434470377019,"MENDEZ, SEONE","Taberner, Carlos"
371,372,21812,62.67752643646693,"CHONG, EUDICE","Trhac, Patrik"
372,373,21781,62.52602240077078,"DETIUC, ANASTASIA","Mayo, Aidan"
373,374,21515,62.68773195518712,"CENGIZ, BERFU","Eysseric, Jonathan"
374,375,21479,62.7120115271774,"LIM, JENNY","Winter, Edward"
375,376,20594,63.60648205418206,"RADIVOJEVIC, LOLA","Coppejans, Kimmer"
376,377,20643,63.38595246541326,"MAROZAVA, LIDZIYA","Guillen Meza, Alvaro"
377,378,20592,63.43685079635647,"SÁNCHEZ, ANA SOFIA","Collignon, Raphael"
378,379,19716,64.32978126752664,"ROGERS, ANNA","Jianu, Filip Cristian"
379,380,19842,64.10117238384716,"BENOIT, MARIE","Sanchez Izquierdo, Nikolas"
380,381,19715,64.14867887472495,"PETERSON, REBECCA","Wu, Tung-Lin"
381,382,20015,63.57067452950385,"ZANTEDESCHI, AURORA","Gojo, Borna"
382,383,19090,64.55954701568737,"SEGUEL, DANIELA","Pospisil, Vasek"
383,384,19033,64.56801385036395,"KOEVERMANS, ANOUK","Gaio, Federico"
384,385,19286,63.75833881424411,"MOORE, TARA","Vincent Ruggeri, Samuel"
385,386,19191,63.79466475493341,"FAILLA, JESSICA","Kuzmanov, Dimitar"
386,387,19724,62.617034987301466,"VALENTOVA, TEREZA","van Rijthoven, Tim"
387,388,18850,63.422206698490314,"POPOVIC, IVANA","Mager, Gianluca"
388,389,19364,62.29897589657723,"PERRIN, CONNY","Buse, Ignacio"
389,390,19388,62.22871615039938,"SMITH, ALANA","Nedunchezhiyan, Jeevan"
390,391,19345,62.23892250634394,"CORLEY, CARMEN","Blanch, Darwin"
391,392,19536,61.77506456914769,"HU, VICTORIA","Kolar, Zdenek"
392,393,19690,61.393670836437785,"RODRIGUEZ, VICTORIA","Added, Dan"
393,394,19323,61.82734097194784,"SHI, HAN","Martos Gornes, Sergio"
394,395,19141,62.029359254116244,"CORLEY, IVANA","Trotter, James"
395,396,19161,61.73845324387468,"BAINS, NAIKTHA","Soto, Matias"
396,397,19179,61.632791870048806,"RAJECKI, AMELIA","Andrade, Andres"
397,398,19179,61.62895384430706,"LIANG, EN-SHUO","Saville, Luke"
398,399,19061,61.722593730546016,"JORGE, MATILDE","Chandrasekar, Anirudh"
399,400,19300,61.23486050575452,"INOUE, HINA","Draxl, Liam"
400,401,19382,61.02945611742234,"BRANSTINE, CARSON","Novak, Dennis"
401,402,19363,60.459464978558294,"TIG, PATRICIA MARIA","Arnaboldi, Federico"
402,403,19415,60.330595398635126,"ISHII, SAYAKA","Giannessi, Alessandro"
403,404,19426,60.07727244702933,"GIAVARA, HALEY","Holmgren, August"
404,405,18923,60.654953737394735,"LAZARO GARCIA, ANDREA","Jorda Sanchis, David"
405,406,19200,60.07735013411515,"BOLKVADZE, MARIAM","Rehberg, Max Hans"
406,407,19237,59.94127691474741,"SMITH, TINA","Dalla Valle, Enrico"
407,408,19178,59.988316538357225,"ALVES, CAROLINA","Geerts, Michael"
408,409,18972,60.22641509433962,"FITA BOLUDA, ANGELA","Zormann, Marcelo"
409,410,19050,60.01175507462373,"ABBAGNATO, ANASTASIA","Harrison, Christian"
410,411,19237,59.548742535116496,"KULAMBAYEVA, ZHIBEK","Dodig, Matej"
411,412,19220,59.374339463115625,"MALECKOVA, JESIKA","Millman, John"
412,413,19160,59.23404255319149,"LEW YAN FOON, ASTRID","Brancaccio, Raul"
413,414,19292,58.93571732652192,"ORTENZI, JAZMIN","Chidekh, Clement"
414,415,19430,58.57584479266603,"SATO, NAHO","Tomic, Bernard"
415,416,19458,58.45414753923348,"KUBKA, MARTYNA","Bonadio, Riccardo"
416,417,19301,58.39674088763391,"CHRISTIE, FREYA","Olivo, Renzo"
417,418,19218,58.42059714409346,"VANDEWINKEL, HANNE","Bueno, Gonzalo"
418,419,19227,58.220338983050844,"CASCINO, ESTELLE","Pinnington Jones, Jack"
419,420,19672,57.20780492049335,"PENICKOVA, KRISTINA","Cuevas, Pablo"
420,421,19406,57.45138021004627,"JONES, EMERSON","Sun, Fajing"
421,422,19275,57.443755105645465,"KOZYREVA, MARIA","Schnaitter, Jakob"
422,423,19179,57.54510237963475,"TANG, QIANHUI","Escobedo, Ernesto"
423,424,19176,57.38571968265962,"PAPADAKIS, LENA","Ellis, Blake"
424,425,19155,57.38882833181322,"ALBIE, AUDREY","Wallner, Mark"
425,426,18873,57.65347334410339,"XU, MINGGE","Tracy, JJ"
426,427,18673,57.886783942264316,"CAVALLE-REIMERS, YVONNE","Kuzuhara, Bruno"
427,428,18638,57.84593115302845,"FERNANDEZ, BIANCA","Demoliner, Marcelo"
428,429,18035,58.535463846419134,"ILIEV, SARAH","Lock, Benjamin"
429,430,18055,58.29676167598281,"VARGOVA, NINA","Ramanathan, Ramkumar"
430,431,18228,57.62900976290097,"MELNIKOVA, MARINA","Zhou, Yi"
431,432,18124,57.45240275136747,"LASKUTOVA, KSENIA","Schwaerzler, Joel"
432,433,18115,57.32727144236884,"DUNNE, KATY","Gill, Felix"
433,434,18097,57.333490510432625,"HALEP, SIMONA","Krajinovic, Filip"
434,435,18122,57.27051944071113,"ORMAECHEA, PAULA","Mena, Facundo"
435,436,18115,57.27493572961626,"MCDONALD, ELLA","Vallejo, Adolfo Daniel"
436,437,18393,56.556757522792765,"LABRANA, FERNANDA","Martinez, Luis David"
437,438,17763,57.27069351230425,"LEE, GABRIELA","Loffhagen, George"
438,439,16736,58.6796039799521,"PLIPUECH, PEANGTARN","Romios, Matthew Christopher"
439,440,16468,59.00219079864569,"GLEASON, QUINN","Fonio, Giovanni"
440,441,16382,59.07160345775247,"SAMSON, LAURA","Vrbensky, Michael"
441,442,16353,59.04480452803726,"IBRAGIMOVA, ALEVTINA","Bertola, Remy"
442,443,16542,58.35137720932575,"DARTRON, EMELINE","Lokoli, Laurent"
443,444,16502,58.372433277836635,"KEMPEN, MAGALI","Cash, Robert"
444,445,16568,58.05888160392881,"ZHENG, WUSHUANG","Willis, Marcus"
445,446,16345,58.204413532104226,"PARK, SOHYUN","Kirkov, Vasil"
446,447,16418,57.9984138760265,"LOEB, JAMIE","Alves, Mateus"
447,448,16161,58.321083172147006,"ROSOLSKA, ALICJA","Kwiatkowski, Thai-Son"
448,449,16190,58.225823098358966,"OKAMURA, KYOKA","Fanselow, Sebastian"
449,450,16241,58.07475863493211,"CORTEZ LLORCA, LUCIA","Martin Tiffon, Pol"
450,451,16223,58.071435955753124,"KARATANCHEVA, LIA","Debru, Gabriel"
451,452,15838,58.63888018385042,"ANDRIANJAFITRIMO, TESSAH","Kadhe, Arjun"
452,453,15420,59.12091407969036,"VEDDER, EVA","Bertrand, Robin"
453,454,15265,59.32804007247149,"SCOTT, KATRINA","Rikl, Patrik"
454,455,14504,60.54836252856055,"MANSOURI, YASMINE","Weis, Alexander"
455,456,14361,60.69248665663063,"FOSSA HUERGO, NICOLE","Poljicak, Mili"
456,457,14371,60.641415386300764,"FEISTEL, GINA","Sultanov, Khumoyun"
457,458,14293,60.746457211908165,"SIEG, MADISON","Noguchi, Rio"
458,459,14494,60.15833310426345,"YAMALAPALLI, SAHAJA","Cretu, Cezar"
459,460,14556,59.89088203686864,"KAJI, HARUKA","Brown, Dustin"
460,461,14524,59.93047700499352,"YAO, XINXIN","Uchida, Kaichi"
461,462,14311,60.269294836202114,"ZELNICKOVA, RADKA","Kirkin, Ergi"
462,463,14210,60.43105368678992,"STOJSAVLJEVIC, MIKA","Basilashvili, Nikoloz"
463,464,14105,60.59725675335922,"MPETSHI PERRICARD, DAPHNEE","Picchione, Andrea"
464,465,13985,60.76258346894113,"PORTILLO RAMIREZ, MARIA","Matuszewski, Piotr"
465,466,13260,61.99810850313816,"BANDECCHI, SUSAN","Dutra da Silva, Daniel"
466,467,13290,61.85309566864721,"HATOUKA, YULIYA","Cui, Jie"
467,468,13204,61.96018553196393,"STRUPLOVA, JULIE","Kopp, Sandro"
468,469,13166,62.02042346968211,"LASKEVICH, EVIALINA","Cacic, Nikola"
469,470,13289,61.665608954018346,"STANKOVIC, ANJA","Gerasimov, Egor"
470,471,13323,61.56087709174841,"SHINIKOVA, ISABELLA","Niklas-Salminen, Patrik"
471,472,13152,61.85725471999072,"KUZMOVA, KATARINA","Elias, Gastao"
472,473,13089,61.91404545057759,"BARNETT, ALICIA","Kaliyanda Poonacha, Niki"
473,474,13030,62.011661807580175,"GORGODZE, EKATERINE","Diez, Steven"
474,475,13006,61.96074990494574,"IMAMURA, SAKI","Campana Lee, Gerard"
475,476,12904,62.04705882352941,"YASHINA, EKATERINA","Sakamoto, Pedro"
476,477,12631,62.44797241051254,"DIATCHENKO, VITALIA","Moller, Elmer"
477,478,12725,62.05343830142542,"KUHL, CAROLINA","Giustino, Lorenzo"
478,479,12819,61.73661273953793,"RICCI, BEATRICE","Topo, Marko"
479,480,12642,62.048572543604216,"SHUBLADZE, ALEXANDRA","Bai, Yan"
480,481,12611,62.10523152738965,"QUEVEDO, KAITLIN","Edmund, Kyle"
481,482,12664,61.937965857177204,"ASTAKHOVA, DARYA","Mikrut, Luka"
482,483,12939,60.995387815392036,"AKSU, AYLA","Sakellaridis, Stefanos"
483,484,12773,61.285727275482685,"ANDERSON, ROBIN","Klizan, Martin"
484,485,12478,61.80476904710888,"MARCINKEVICA, DIANA","Pucinelli De Almeida, Matheus"
485,486,12224,62.2086193037779,"CROSS, KAYLA","Berrettini, Jacopo"
486,487,12146,62.21613886642196,"SAIGO, RINA","Zheng, Michael"
487,488,12191,61.97442295695571,"PAAR, LAURA IOANA","Lamasine, Tristan"
488,489,12187,61.97385253830072,"NAHIMANA, SADA","Berankis, Ricardas"
489,490,11987,62.27062415410279,"KUCMOVA, ANETA","Begemann, Andre"
490,491,12241,61.3994702320888,"RINALDO PERSSON, KAJSA","Kodat, Toby"
491,492,12272,61.29561295612957,"PIGATO, LISA","Naw, Hazem"
492,493,12258,61.1017675245137,"BACK, DAYEON","Habib, Hady"
493,494,12017,61.48273983140486,"RADISIC, NIKA","Bollipalli, Rithvik Choudary"
494,495,11813,61.83691929960587,"TONA, MIRIANA","Zeballos, Federico"
495,496,11699,62.02116608232697,"SHIMIZU, AYANO","Bortolotti, Marco"
496,497,11772,61.77922077922078,"FALKOWSKA, WERONIKA","Bigun, Kaylan"
497,498,11738,61.80031241864098,"GUREVA, ANASTASIIA","Reis Da Silva, Joao Lucas"
498,499,11730,61.621515508441306,"BHOSALE, RUTUJA","Matusevich, Anton"
499,500,11889,61.08856450873863,"PASZEK, TAMIRA","Arias, Boris"
